,id_ap,ap_isu_id ,title_ap,year,qualification,id_direction,title_direction,number_direction,structural_unit,on_check,laboriousness,loading_datetime
0,6796,10572,Нанофотоника и квантовая оптика,2018,bachelor,15772,Техническая физика,16.03.01,,in_work,393,2023-10-05 13:52:19.184196
1,6797,10571,Информационные технологии в энергетике,2018,bachelor,15766,Ядерная энергетика и теплофизика,14.03.01,,in_work,311,2023-10-05 13:52:24.437987
2,6798,14637,Молекулярная биология и биотехнология / Molecular Biology and Biotechnology,2021,master,15783,Биотехнология,19.04.01,,in_work,227,2023-10-05 13:52:26.528609
3,6799,10574,Низкотемпературная техника и энергетика,2018,bachelor,15773,"Холодильная, криогенная техника и системы жизнеобеспечения",16.03.03,,in_work,352,2023-10-05 13:52:31.866270
4,6800,10575,Экологический инжиниринг,2018,bachelor,15777,"Энерго- и ресурсосберегающие процессы в химической технологии, нефтехимии и биотехнологии",18.03.02,,in_work,296,2023-10-05 13:52:36.882121
5,6801,10577,Пищевая биотехнология,2018,bachelor,15780,Биотехнология,19.03.01,,in_work,311,2023-10-05 13:52:42.061010
6,6802,9863,"Технологии напитков, хлеба и кондитерских изделий",2018,bachelor,15781,Продукты питания из растительного сырья,19.03.02,,in_work,311,2023-10-05 13:52:47.252712
7,6803,9868,Молекулярное питание и пищевые технологии,2018,bachelor,15782,Продукты питания животного происхождения,19.03.03,,in_work,311,2023-10-05 13:52:53.451572
8,6804,10565,Прикладная и компьютерная оптика,2018,bachelor,15753,Оптотехника,12.03.02,,in_work,311,2023-10-05 13:52:58.672072
9,6805,10573,Световая инженерия,2018,bachelor,15772,Техническая физика,16.03.01,,in_work,311,2023-10-05 13:53:03.781113
10,6806,10566,Физика наноструктур,2018,bachelor,15754,Фотоника и оптоинформатика,12.03.03,,in_work,311,2023-10-05 13:53:10.268684
11,6807,9874,Квантовые технологии в коммуникациях,2018,bachelor,15754,Фотоника и оптоинформатика,12.03.03,,in_work,311,2023-10-05 13:53:15.659859
12,6808,10568,Лазерные технологии,2018,bachelor,15756,Лазерная техника и лазерные технологии,12.03.05,,in_work,311,2023-10-05 13:53:20.999481
13,6809,10569,Лазеры для информационно-коммуникационных систем,2018,bachelor,15756,Лазерная техника и лазерные технологии,12.03.05,,in_work,311,2023-10-05 13:53:26.100944
14,6810,13378,Научная коммуникация,2020,master,15798,Инноватика,27.04.05,,in_work,135,2023-10-05 13:53:29.605988
15,6811,13365,Цифровые системы управления,2020,master,15796,Системный анализ и управление,27.04.03,,in_work,240,2023-10-05 13:53:33.737555
16,6812,10579,Управление технологическими инновациями,2018,bachelor,15793,Инноватика,27.03.05,,in_work,311,2023-10-05 13:53:38.800366
17,6813,10559,Компьютерные технологии в дизайне,2018,bachelor,15741,Программная инженерия,09.03.04,,in_work,341,2023-10-05 13:53:41.978564
18,6814,9871,Экономика высокотехнологичной компании,2018,bachelor,15801,Экономика,38.03.01,,in_work,311,2023-10-05 13:53:47.021651
19,6815,10560,Нейротехнологии и программирование,2018,bachelor,15741,Программная инженерия,09.03.04,,in_work,311,2023-10-05 13:53:51.958100
20,6816,10561,Технологии защиты информации,2018,bachelor,,,,,in_work,311,2023-10-05 13:53:57.216537
21,6817,10580,Компьютерная графика и дизайн,2018,bachelor,15805,Профессиональное обучение,44.03.04,,in_work,335,2023-10-05 13:54:01.017154
22,6818,10555,Информатика и программирование,2018,bachelor,15734,Прикладная математика и информатика,01.03.02,,in_work,352,2023-10-05 13:54:06.188754
23,6819,9869,Технологии транспортирования углеводородных энергоносителей,2018,bachelor,,,,,in_work,311,2023-10-05 13:54:11.147773
24,6820,10576,Биоинженерия,2018,bachelor,15780,Биотехнология,19.03.01,,in_work,311,2023-10-05 13:54:16.463968
25,7503,,Прикладной искусственный интеллект,2023,bachelor,15739,Информационные системы и технологии,09.03.02,,in_work,0,2023-10-05 13:54:17.258964
26,6822,13397,Биоинженерия,2020,bachelor,15755,Биотехнические системы и технологии,12.03.04,,in_work,580,2023-10-05 13:54:25.193626
27,6823,13276,Биоинженерия,2020,bachelor,15777,"Энерго- и ресурсосберегающие процессы в химической технологии, нефтехимии и биотехнологии",18.03.02,,in_work,560,2023-10-05 13:54:31.886704
28,6826,11713,Техническая физика,2019,bachelor,15772,Техническая физика,16.03.01,,in_work,427,2023-10-05 13:54:37.458948
29,6827,11721,Биоинженерия,2019,bachelor,15777,"Энерго- и ресурсосберегающие процессы в химической технологии, нефтехимии и биотехнологии",18.03.02,,in_work,424,2023-10-05 13:54:42.392586
30,6828,11715,Оптико-электронные информационно-измерительные приборы и системы,2019,specialist,15762,Электронные и оптико-электронные приборы и системы специального назначения,12.05.01,,in_work,1083,2023-10-05 13:54:54.051289
31,6829,13312,Цифровые технологии умного города,2020,master,15744,Прикладная информатика,09.04.03,,in_work,160,2023-10-05 13:54:57.642404
32,6830,10564,Цифровые технологии в приборостроении,2018,bachelor,15752,Приборостроение,12.03.01,,in_work,306,2023-10-05 13:55:03.169206
33,6831,10570,Цифровой электропривод робототехнических комплексов,2018,bachelor,15764,Электроэнергетика и электротехника,13.03.02,,in_work,311,2023-10-05 13:55:08.003263
34,6832,10556,Вычислительные системы и сети,2018,bachelor,15738,Информатика и вычислительная техника,09.03.01,,in_work,333,2023-10-05 13:55:11.260283
35,6833,9859,Цифровое производство,2018,bachelor,15767,Автоматизация технологических процессов и производств,15.03.04,,in_work,311,2023-10-05 13:55:16.317740
36,6834,10425,Интеллектуальная робототехника,2018,bachelor,15768,Мехатроника и робототехника,15.03.06,,in_work,311,2023-10-05 13:55:21.515185
37,6835,10558,Системное и прикладное программное обеспечение,2018,bachelor,15741,Программная инженерия,09.03.04,,in_work,360,2023-10-05 13:55:25.068352
38,6836,10563,Конструирование и технология электронных средств,2018,bachelor,15749,Конструирование и технология электронных средств,11.03.03,,in_work,311,2023-10-05 13:55:30.122087
39,6837,10426,Управление в технических системах,2018,bachelor,15792,Управление в технических системах,27.03.04,,in_work,293,2023-10-05 13:55:35.100539
40,6838,10578,Управление движением и навигация,2018,bachelor,15789,Системы управления движением и навигация,24.03.02,,in_work,311,2023-10-05 13:55:40.383868
41,6839,9837,Мобильные и сетевые технологии,2018,bachelor,15740,Прикладная информатика,09.03.03,,in_work,311,2023-10-05 13:55:45.483538
42,6840,10562,Инфокоммуникационные системы,2018,bachelor,15748,Инфокоммуникационные технологии и системы связи,11.03.02,,in_work,393,2023-10-05 13:55:51.066729
43,6841,9872,Иностранные языки и информационные технологии / Humanities and IT,2018,bachelor,15806,Интеллектуальные системы в гуманитарной сфере,45.03.04,,in_work,311,2023-10-05 13:55:55.992794
44,6842,10557,Программирование и интернет-технологии,2018,bachelor,15739,Информационные системы и технологии,09.03.02,,in_work,311,2023-10-05 13:56:00.825221
45,6843,10581,Интеллектуальные системы в гуманитарной сфере,2018,bachelor,15806,Интеллектуальные системы в гуманитарной сфере,45.03.04,,in_work,311,2023-10-05 13:56:06.116036
46,6845,13260,Управление технологическими инновациями,2020,bachelor,15793,Инноватика,27.03.05,,in_work,525,2023-10-05 13:56:12.912645
47,6846,13268,Бизнес-информатика,2020,bachelor,15802,Бизнес-информатика,38.03.05,,in_work,537,2023-10-05 13:56:19.959283
48,6847,11726,Бизнес-информатика,2019,bachelor,15802,Бизнес-информатика,38.03.05,,in_work,376,2023-10-05 13:56:24.862785
49,6849,13398,Прикладная и теоретическая физика,2020,bachelor,15772,Техническая физика,16.03.01,,in_work,574,2023-10-05 13:56:31.899380
50,6852,11707,Фотоника и оптоинформатика,2019,bachelor,15754,Фотоника и оптоинформатика,12.03.03,,in_work,401,2023-10-05 13:56:37.713985
51,6853,13360,Стандартизация и метрология в высокотехнологичном секторе экономики,2020,master,15794,Стандартизация и метрология,27.04.01,,in_work,135,2023-10-05 13:56:41.147944
52,6854,11729,Биотехнология,2019,bachelor,15780,Биотехнология,19.03.01,,in_work,460,2023-10-05 13:56:46.620775
53,6855,11678,Мобильные и сетевые технологии,2019,bachelor,15740,Прикладная информатика,09.03.03,,in_work,397,2023-10-05 13:56:51.775865
54,6856,11760,Компьютерные технологии в дизайне,2019,bachelor,15741,Программная инженерия,09.03.04,,in_work,451,2023-10-05 13:56:56.991901
55,6857,11687,Нейротехнологии и программирование,2019,bachelor,15741,Программная инженерия,09.03.04,,in_work,336,2023-10-05 13:57:02.305847
56,6858,11685,Системное и прикладное программное обеспечение,2019,bachelor,15741,Программная инженерия,09.03.04,,in_work,391,2023-10-05 13:57:07.381713
57,6860,11701,Цифровые системы управления,2019,bachelor,15789,Системы управления движением и навигация,24.03.02,,in_work,410,2023-10-05 13:57:12.420792
58,6861,11702,Цифровые системы управления,2019,bachelor,15792,Управление в технических системах,27.03.04,,in_work,435,2023-10-05 13:57:18.102218
59,6862,11723,Управление технологическими инновациями,2019,bachelor,15793,Инноватика,27.03.05,,in_work,378,2023-10-05 13:57:23.276344
60,6863,11696,Цифровое производство,2019,bachelor,15767,Автоматизация технологических процессов и производств,15.03.04,,in_work,318,2023-10-05 13:57:28.073446
61,6864,11692,Технологии защиты информации,2019,bachelor,15749,Конструирование и технология электронных средств,11.03.03,,in_work,380,2023-10-05 13:57:33.549909
62,6865,11693,Технологии защиты информации,2019,bachelor,15815,Эксплуатация транспортно-технологических машин и комплексов,23.03.03,,in_work,378,2023-10-05 13:57:38.723008
63,6866,11676,Информатика и программирование,2019,bachelor,15734,Прикладная математика и информатика,01.03.02,,in_work,367,2023-10-05 13:57:41.753793
64,6867,11699,Цифровые системы управления,2019,bachelor,15764,Электроэнергетика и электротехника,13.03.02,,in_work,403,2023-10-05 13:57:47.263885
65,6868,13343,Промышленные холодильные системы и тепловые насосы,2020,master,15775,"Холодильная, криогенная техника и системы жизнеобеспечения",16.04.03,,in_work,135,2023-10-05 13:57:50.574409
66,6869,11698,Робототехника,2019,bachelor,15768,Мехатроника и робототехника,15.03.06,,in_work,446,2023-10-05 13:57:55.931090
67,6870,11792,Иностранные языки и информационные технологии / Humanities and IT,2019,bachelor,15806,Интеллектуальные системы в гуманитарной сфере,45.03.04,,in_work,330,2023-10-05 13:58:00.339844
68,6871,11717,Информационные технологии в энергетике,2019,bachelor,15766,Ядерная энергетика и теплофизика,14.03.01,,in_work,783,2023-10-05 13:58:12.968402
69,6872,14526,Иностранные языки и информационные технологии / Humanities and IT,2021,bachelor,15806,Интеллектуальные системы в гуманитарной сфере,45.03.04,,in_work,474,2023-10-05 13:58:18.576435
70,6873,11683,Компьютерные системы и технологии,2019,bachelor,15738,Информатика и вычислительная техника,09.03.01,,in_work,330,2023-10-05 13:58:23.151157
71,6874,14579,Робототехника и искусственный интеллект / Robotics and artificial intelligence,2021,master,15771,Мехатроника и робототехника,15.04.06,,in_work,237,2023-10-05 13:58:25.701891
72,6875,11677,Программирование и интернет-технологии,2019,bachelor,15739,Информационные системы и технологии,09.03.02,,in_work,372,2023-10-05 13:58:29.336225
73,6876,14581,Квантовые технологии в индустрии,2021,master,15759,Фотоника и оптоинформатика,12.04.03,,in_work,124,2023-10-05 13:58:30.927457
74,6877,11679,Интеллектуальные системы в гуманитарной сфере,2019,bachelor,15806,Интеллектуальные системы в гуманитарной сфере,45.03.04,,in_work,362,2023-10-05 13:58:35.903166
75,6878,11680,Программирование в инфокоммуникационных системах,2019,bachelor,15748,Инфокоммуникационные технологии и системы связи,11.03.02,,in_work,353,2023-10-05 13:58:40.460078
76,6879,13362,Управление качеством,2020,master,15795,Управление качеством,27.04.02,,in_work,180,2023-10-05 13:58:44.251735
77,6880,14531,Программирование в инфокоммуникационных системах,2021,bachelor,15748,Инфокоммуникационные технологии и системы связи,11.03.02,,in_work,551,2023-10-05 13:58:51.634118
78,6881,11689,Компьютерные технологии в дизайне,2019,bachelor,15805,Профессиональное обучение,44.03.04,,in_work,447,2023-10-05 13:58:56.897931
79,6882,11695,Цифровое производство,2019,bachelor,15752,Приборостроение,12.03.01,,in_work,318,2023-10-05 13:59:01.470754
80,6883,11690,Технологии защиты информации,2019,bachelor,15814,Информационная безопасность,10.03.01,,in_work,422,2023-10-05 13:59:06.853622
81,6884,14597,Цифровые геотехнологии,2021,master,15809,Информационные системы и технологии,09.04.02,,in_work,152,2023-10-05 13:59:08.309061
82,6885,14677,Информационные системы бизнеса / Business information systems,2021,master,15744,Прикладная информатика,09.04.03,,in_work,191,2023-10-05 13:59:10.053579
83,6886,14603,Мобильные и облачные технологии,2021,master,15744,Прикладная информатика,09.04.03,,in_work,188,2023-10-05 13:59:11.770602
84,6887,14600,Технологии разработки компьютерных игр,2021,master,15744,Прикладная информатика,09.04.03,,in_work,154,2023-10-05 13:59:13.385026
85,6888,14557,Электроинженерия,2021,master,15765,Электроэнергетика и электротехника,13.04.02,,in_work,178,2023-10-05 13:59:15.258720
86,6889,14604,Инфокоммуникации и цифровые медиа / Infocommunications and digital media,2021,master,15750,Инфокоммуникационные технологии и системы связи,11.04.02,,in_work,319,2023-10-05 13:59:17.874759
87,6890,14598,Финансовые технологии больших данных,2021,master,15750,Инфокоммуникационные технологии и системы связи,11.04.02,,in_work,175,2023-10-05 13:59:19.737560
88,6891,13352,Биоинженерия и биотехнические системы,2020,master,15760,Биотехнические системы и технологии,12.04.04,,in_work,192,2023-10-05 13:59:23.574519
89,6892,13278,Биотехнология,2020,bachelor,15780,Биотехнология,19.03.01,,in_work,696,2023-10-05 13:59:31.456124
90,6893,14524,Биотехнология,2021,bachelor,15780,Биотехнология,19.03.01,,in_work,693,2023-10-05 13:59:39.370781
91,6894,14543,Технологии защиты информации,2021,bachelor,15749,Конструирование и технология электронных средств,11.03.03,,in_work,533,2023-10-05 13:59:46.466167
92,6895,14545,Технологии защиты информации,2021,bachelor,15815,Эксплуатация транспортно-технологических машин и комплексов,23.03.03,,in_work,496,2023-10-05 13:59:53.277663
93,6898,14599,Программирование и интернет-технологии,2021,master,15809,Информационные системы и технологии,09.04.02,,in_work,178,2023-10-05 13:59:55.137638
94,6899,14538,Индустриальные киберфизические системы,2021,bachelor,15767,Автоматизация технологических процессов и производств,15.03.04,,in_work,490,2023-10-05 14:00:01.861768
95,6900,14522,Прикладная и теоретическая физика,2021,bachelor,15772,Техническая физика,16.03.01,,in_work,640,2023-10-05 14:00:09.737274
96,6901,14519,Цифровые системы управления,2021,bachelor,15764,Электроэнергетика и электротехника,13.03.02,,in_work,587,2023-10-05 14:00:16.571659
97,6902,14523,Цифровые системы управления,2021,bachelor,15789,Системы управления движением и навигация,24.03.02,,in_work,589,2023-10-05 14:00:23.326374
98,6903,14525,Цифровые системы управления,2021,bachelor,15792,Управление в технических системах,27.03.04,,in_work,599,2023-10-05 14:00:30.973345
99,6904,14590,Стратегическое управление интеллектуальной собственностью,2021,master,15800,Управление интеллектуальной собственностью,27.04.08,,in_work,157,2023-10-05 14:00:32.657993
100,6905,14541,Технологии защиты информации,2021,bachelor,15814,Информационная безопасность,10.03.01,,in_work,619,2023-10-05 14:00:40.811348
101,6906,14544,Инфохимия,2021,bachelor,15776,Химическая технология,18.03.01,,in_work,485,2023-10-05 14:00:46.972782
102,6907,13354,Химия прикладных материалов / Chemistry of Applied Materials,2020,master,15779,"Энерго- и ресурсосберегающие процессы в химической технологии, нефтехимии и биотехнологии",18.04.02,,in_work,150,2023-10-05 14:00:50.331540
103,6908,13281,Цифровые системы управления,2020,bachelor,15789,Системы управления движением и навигация,24.03.02,,in_work,582,2023-10-05 14:00:57.222349
104,6909,13283,Технологии защиты информации,2020,bachelor,15815,Эксплуатация транспортно-технологических машин и комплексов,23.03.03,,in_work,512,2023-10-05 14:01:04.394876
105,6910,13259,Цифровое производство,2020,bachelor,15752,Приборостроение,12.03.01,,in_work,473,2023-10-05 14:01:10.699564
106,6911,13257,Информатика и программирование,2020,bachelor,15734,Прикладная математика и информатика,01.03.02,,in_work,486,2023-10-05 14:01:17.675828
107,6912,13262,Компьютерные системы и технологии,2020,bachelor,15738,Информатика и вычислительная техника,09.03.01,,in_work,526,2023-10-05 14:01:24.000936
108,6913,13258,Цифровое производство,2020,bachelor,15767,Автоматизация технологических процессов и производств,15.03.04,,in_work,492,2023-10-05 14:01:30.475656
109,6914,13274,Цифровые системы управления,2020,bachelor,15764,Электроэнергетика и электротехника,13.03.02,,in_work,586,2023-10-05 14:01:37.480140
110,6915,12977,Компьютерные системы и технологии,2019,bachelor,15738,Информатика и вычислительная техника,09.03.01,,in_work,240,2023-10-05 14:01:43.603213
111,6916,12997,Цифровые системы управления,2019,bachelor,15792,Управление в технических системах,27.03.04,,in_work,240,2023-10-05 14:01:45.578053
112,6917,14585,Инновационное предпринимательство / Innovation Entrepreneurship,2021,master,15798,Инноватика,27.04.05,,in_work,456,2023-10-05 14:01:50.307129
113,6918,13265,Цифровые системы управления,2020,bachelor,15792,Управление в технических системах,27.03.04,,in_work,554,2023-10-05 14:01:56.633590
114,6919,13263,Робототехника,2020,bachelor,15768,Мехатроника и робототехника,15.03.06,,in_work,592,2023-10-05 14:02:03.409040
115,6921,14536,Индустриальные киберфизические системы,2021,bachelor,15752,Приборостроение,12.03.01,,in_work,477,2023-10-05 14:02:10.144510
116,6922,13350,Биоэкономика и управление ресурсами,2020,master,15779,"Энерго- и ресурсосберегающие процессы в химической технологии, нефтехимии и биотехнологии",18.04.02,,in_work,165,2023-10-05 14:02:13.679217
117,6923,13364,Молекулярная биология и биотехнология / Molecular Biology and Biotechnology,2020,master,15783,Биотехнология,19.04.01,,in_work,165,2023-10-05 14:02:17.392430
118,6924,13372,Инфохимия / Infochemistry,2020,master,15783,Биотехнология,19.04.01,,in_work,135,2023-10-05 14:02:20.827832
119,6925,13300,Технологии защиты информации,2020,bachelor,15749,Конструирование и технология электронных средств,11.03.03,,in_work,549,2023-10-05 14:02:27.769923
120,6926,13299,Программирование в инфокоммуникационных системах,2020,bachelor,15748,Инфокоммуникационные технологии и системы связи,11.03.02,,in_work,515,2023-10-05 14:02:34.701407
121,6927,13264,Фотоника и оптоинформатика,2020,bachelor,15754,Фотоника и оптоинформатика,12.03.03,,in_work,621,2023-10-05 14:02:44.505814
122,6930,13309,Технологии разработки компьютерных игр,2020,master,15744,Прикладная информатика,09.04.03,,in_work,135,2023-10-05 14:02:48.073220
123,6931,13369,Пищевая биотехнология,2020,master,15783,Биотехнология,19.04.01,,in_work,150,2023-10-05 14:02:51.436892
124,6844,17730,Оптико-электронные информационно-измерительные приборы и системы,2018,specialist,15762,Электронные и оптико-электронные приборы и системы специального назначения,12.05.01,,in_work,401,2023-10-05 14:02:54.973444
125,6932,13313,Финансовые технологии больших данных,2020,master,15750,Инфокоммуникационные технологии и системы связи,11.04.02,,in_work,150,2023-10-05 14:02:58.788210
126,6933,13324,Программное обеспечение интеллектуальных систем и технологий,2020,master,15742,Информатика и вычислительная техника,09.04.01,,in_work,138,2023-10-05 14:03:02.045303
127,6934,13308,Мобильные и сетевые технологии,2020,master,15744,Прикладная информатика,09.04.03,,in_work,150,2023-10-05 14:03:05.545976
128,6935,13346,Радиочастотные системы и устройства,2020,master,15774,Техническая физика,16.04.01,,in_work,135,2023-10-05 14:03:08.969429
129,6936,13319,"Мультимедиа-технологии, дизайн и юзабилити",2020,master,15745,Программная инженерия,09.04.04,,in_work,149,2023-10-05 14:03:12.607600
130,6937,13335,Интеллектуальные технологии в телекоммуникациях,2020,master,15750,Инфокоммуникационные технологии и системы связи,11.04.02,,in_work,240,2023-10-05 14:03:16.498839
131,6938,13338,Квантовые коммуникации и фемтотехнологии,2020,master,15759,Фотоника и оптоинформатика,12.04.03,,in_work,174,2023-10-05 14:03:20.163314
132,6939,13358,Электроинженерия,2020,master,15765,Электроэнергетика и электротехника,13.04.02,,in_work,135,2023-10-05 14:03:23.944533
133,6940,13304,Программирование и искусственный интеллект,2020,master,15735,Прикладная математика и информатика,01.04.02,,in_work,135,2023-10-05 14:03:27.337164
134,6941,13320,Нейротехнологии и программная инженерия,2020,master,15745,Программная инженерия,09.04.04,,in_work,136,2023-10-05 14:03:30.726960
135,6942,13347,Физика и технология наноструктур,2020,master,15759,Фотоника и оптоинформатика,12.04.03,,in_work,154,2023-10-05 14:03:34.177806
136,6943,13303,Математическое и компьютерное моделирование,2020,master,15735,Прикладная математика и информатика,01.04.02,,in_work,135,2023-10-05 14:03:37.479534
137,6944,13331,Речевые информационные системы,2020,master,15809,Информационные системы и технологии,09.04.02,,in_work,136,2023-10-05 14:03:40.750781
138,6945,13332,Материалы фотоники,2020,master,15774,Техническая физика,16.04.01,,in_work,201,2023-10-05 14:03:44.708159
139,6946,13317,Проектирование киберфизических систем защиты информации,2020,master,15751,Конструирование и технология электронных средств,11.04.03,,in_work,135,2023-10-05 14:03:48.549664
140,6947,13330,Оптико-цифровые системы,2020,master,15758,Оптотехника,12.04.02,,in_work,135,2023-10-05 14:03:52.322744
141,6948,13328,Программирование и интернет-технологии,2020,master,15809,Информационные системы и технологии,09.04.02,,in_work,135,2023-10-05 14:03:55.610584
142,6949,13363,Светодиодные технологии и оптоэлектроника,2020,master,15774,Техническая физика,16.04.01,,in_work,144,2023-10-05 14:03:59.259377
143,6950,13329,Технологии промышленного программирования,2020,master,15745,Программная инженерия,09.04.04,,in_work,139,2023-10-05 14:04:02.810208
144,6951,13266,Программирование и интернет-технологии,2020,bachelor,15739,Информационные системы и технологии,09.03.02,,in_work,527,2023-10-05 14:04:08.020205
145,6952,13323,Программное обеспечение радиоэлектронных систем,2020,master,15745,Программная инженерия,09.04.04,,in_work,135,2023-10-05 14:04:11.265497
146,6953,13302,Большие данные и машинное обучение,2020,master,15735,Прикладная математика и информатика,01.04.02,,in_work,180,2023-10-05 14:04:14.862714
147,6954,13339,Проектирование тепломассообменного оборудования и систем жизнеобеспечения,2020,master,15775,"Холодильная, криогенная техника и системы жизнеобеспечения",16.04.03,,in_work,135,2023-10-05 14:04:18.246445
148,6955,13348,Функциональная безопасность беспилотных транспортных средств,2020,master,15788,Эксплуатация транспортно-технологических машин и комплексов,23.04.03,,in_work,135,2023-10-05 14:04:21.562109
149,6956,13326,Системное и прикладное программное обеспечение,2020,master,15745,Программная инженерия,09.04.04,,in_work,196,2023-10-05 14:04:25.065589
150,6957,13349,Техника и технологии сжиженного природного газа,2020,master,15775,"Холодильная, криогенная техника и системы жизнеобеспечения",16.04.03,,in_work,165,2023-10-05 14:04:28.479871
151,6958,13322,Системы и технологии цифрового производства,2020,master,15757,Приборостроение,12.04.01,,in_work,204,2023-10-05 14:04:32.309886
152,6959,13336,Прикладная оптика,2020,master,15758,Оптотехника,12.04.02,,in_work,225,2023-10-05 14:04:37.075637
153,6960,13357,"Биотехнология напитков, хлеба и кондитерских изделий",2020,master,15783,Биотехнология,19.04.01,,in_work,150,2023-10-05 14:04:41.232227
154,6961,13316,Компьютерные системы и технологии,2020,master,15742,Информатика и вычислительная техника,09.04.01,,in_work,192,2023-10-05 14:04:45.068374
155,6962,13318,Индустриальные киберфизические системы,2020,master,15770,Автоматизация технологических процессов и производств,15.04.04,,in_work,162,2023-10-05 14:04:48.679126
156,6963,13334,Цифровые геотехнологии,2020,master,15809,Информационные системы и технологии,09.04.02,,in_work,135,2023-10-05 14:04:52.030594
157,6964,13366,Низкотемпературная и глубокая обработка биологических систем,2020,master,15783,Биотехнология,19.04.01,,in_work,129,2023-10-05 14:04:55.537269
158,6965,13355,Лазерные технологии,2020,master,15761,Лазерная техника и лазерные технологии,12.04.05,,in_work,156,2023-10-05 14:04:58.981002
159,6966,13368,Физика полупроводников,2020,master,15774,Техническая физика,16.04.01,,in_work,135,2023-10-05 14:05:04.115495
160,6967,13353,Системы управления движением и навигация,2020,master,15791,Системы управления движением и навигация,24.04.02,,in_work,156,2023-10-05 14:05:07.878691
161,6968,13314,Автоматизация технологических процессов и производств пищевой промышленности,2020,master,15770,Автоматизация технологических процессов и производств,15.04.04,,in_work,135,2023-10-05 14:05:11.088071
162,6969,13333,Информационная безопасность,2020,master,15747,Информационная безопасность,10.04.01,,in_work,300,2023-10-05 14:05:15.715045
163,6970,13306,Разработка программного обеспечения / Software Engineering,2020,master,15735,Прикладная математика и информатика,01.04.02,,in_work,132,2023-10-05 14:05:19.292035
164,6971,13342,Квантовые и гибридные материалы,2020,master,15759,Фотоника и оптоинформатика,12.04.03,,in_work,135,2023-10-05 14:05:22.712916
165,6972,13270,Мобильные и сетевые технологии,2020,bachelor,15740,Прикладная информатика,09.03.03,,in_work,490,2023-10-05 14:05:29.028269
166,6973,14671,ФудТех / Foodtech,2021,master,15783,Биотехнология,19.04.01,,in_work,247,2023-10-05 14:05:31.546901
167,6974,14639,Инфохимия / Infochemistry,2021,master,15778,Химическая технология,18.04.01,,in_work,144,2023-10-05 14:05:32.778438
168,6975,13359,Световодная фотоника и программируемая электроника,2020,master,15774,Техническая физика,16.04.01,,in_work,159,2023-10-05 14:05:36.542586
169,6976,13377,Инновационная экономика и отраслевое регулирование,2020,master,15803,Экономика,38.04.01,,in_work,135,2023-10-05 14:05:40.368194
170,6977,13371,Инновационное предпринимательство,2020,master,15798,Инноватика,27.04.05,,in_work,267,2023-10-05 14:05:45.883294
171,6981,13344,Информационные системы для экологической и техносферной безопасности,2020,master,15786,Техносферная безопасность,20.04.01,,in_work,135,2023-10-05 14:05:49.195917
172,6982,13311,Городское планирование и городской дизайн,2020,master,15810,Градостроительство,07.04.04,,in_work,140,2023-10-05 14:05:52.694586
173,6983,13382,"Анализ культурных данных и визуализация/ Data, Culture and Visualization",2020,master,15807,Интеллектуальные системы в гуманитарной среде,45.04.04,,in_work,137,2023-10-05 14:05:56.282565
174,6984,13321,Робототехника,2020,master,15771,Мехатроника и робототехника,15.04.06,,in_work,264,2023-10-05 14:06:00.458093
175,6985,13379,Цифровая трансформация организаций,2020,master,15804,Бизнес-информатика,38.04.05,,in_work,166,2023-10-05 14:06:04.295017
176,6986,13282,Нейротехнологии и программирование,2020,bachelor,15741,Программная инженерия,09.03.04,,in_work,539,2023-10-05 14:06:11.280257
177,6987,13297,Системное и прикладное программное обеспечение,2020,bachelor,15741,Программная инженерия,09.03.04,,in_work,511,2023-10-05 14:06:19.746312
178,6988,13381,Урбанистика,2020,master,15799,Наукоемкие технологии и экономика инноваций,27.04.07,,in_work,160,2023-10-05 14:06:23.560956
179,6989,13361,Биотехнология продуктов функционального назначения,2020,master,15783,Биотехнология,19.04.01,,in_work,154,2023-10-05 14:06:27.283529
180,6990,13307,Информационные системы бизнеса,2020,master,15744,Прикладная информатика,09.04.03,,in_work,168,2023-10-05 14:06:32.466273
181,6991,13383,Световой дизайн,2020,master,15799,Наукоемкие технологии и экономика инноваций,27.04.07,,in_work,138,2023-10-05 14:06:35.611489
182,6992,13337,Качество и безопасность пищевых продуктов,2020,master,15784,Продукты питания из растительного сырья,19.04.02,,in_work,150,2023-10-05 14:06:39.096331
183,6993,13370,Искусство и наука / Art & Science,2020,master,15798,Инноватика,27.04.05,,in_work,135,2023-10-05 14:06:42.522748
184,6994,13376,Инвестиции в технологическом секторе,2020,master,15798,Инноватика,27.04.05,,in_work,135,2023-10-05 14:06:46.108347
185,6995,13301,Биоинформатика и системная биология,2020,master,15735,Прикладная математика и информатика,01.04.02,,in_work,135,2023-10-05 14:06:49.640406
186,6996,13374,Наука и технологии в обществе,2020,master,15798,Инноватика,27.04.05,,in_work,135,2023-10-05 14:06:53.042699
187,6997,13305,Процессы и аппараты пищевых производств,2020,master,15769,Технологические машины и оборудование,15.04.02,,in_work,138,2023-10-05 14:06:56.314483
188,6998,13310,Аналитика данных,2020,master,15736,Математическое обеспечение и администрирование информационных систем,02.04.03,,in_work,141,2023-10-05 14:06:59.914748
189,6999,13373,Инновационный маркетинг,2020,master,15798,Инноватика,27.04.05,,in_work,162,2023-10-05 14:07:04.746862
190,7000,13375,Управление интеллектуальной собственностью,2020,master,15800,Управление интеллектуальной собственностью,27.04.08,,in_work,135,2023-10-05 14:07:08.352082
191,7001,13380,Цифровая трансформация организаций,2020,master,15798,Инноватика,27.04.05,,in_work,166,2023-10-05 14:07:12.725263
192,7002,13340,Продукты питания на белковой основе,2020,master,15785,Продукты питания животного происхождения,19.04.03,,in_work,150,2023-10-05 14:07:16.136167
193,7003,13325,Информационные технологии в теплофизике,2020,master,15775,"Холодильная, криогенная техника и системы жизнеобеспечения",16.04.03,,in_work,135,2023-10-05 14:07:19.440506
194,7004,13315,Веб-технологии,2020,master,15745,Программная инженерия,09.04.04,,in_work,138,2023-10-05 14:07:22.905064
195,7005,13341,Нанофотоника и метаматериалы,2020,master,15774,Техническая физика,16.04.01,,in_work,135,2023-10-05 14:07:26.467997
196,7006,13345,Твердотельные системы охлаждения,2020,master,15775,"Холодильная, криогенная техника и системы жизнеобеспечения",16.04.03,,in_work,156,2023-10-05 14:07:30.065889
197,7008,14564,"Мультимедиа-технологии, дизайн и юзабилити",2021,master,15745,Программная инженерия,09.04.04,,in_work,199,2023-10-05 14:07:32.355734
198,7009,13280,Компьютерные технологии в дизайне,2020,bachelor,15741,Программная инженерия,09.03.04,,in_work,595,2023-10-05 14:07:38.931054
199,7010,13277,Иностранные языки и информационные технологии / Humanities and IT,2020,bachelor,15806,Интеллектуальные системы в гуманитарной сфере,45.03.04,,in_work,452,2023-10-05 14:07:44.986959
200,7011,14558,Инновационный маркетинг,2021,master,15798,Инноватика,27.04.05,,in_work,242,2023-10-05 14:07:47.847807
201,7012,14591,"Технонаука, инновации, экономика",2021,master,15803,Экономика,38.04.01,,in_work,188,2023-10-05 14:07:49.687062
202,7013,14589,Корпоративные финансы и венчурные инвестиции,2021,master,15798,Инноватика,27.04.05,,in_work,147,2023-10-05 14:07:51.310804
203,7014,14583,Управление качеством,2021,master,15795,Управление качеством,27.04.02,,in_work,223,2023-10-05 14:07:53.483413
204,7015,13351,Промышленная экология и чистое производство,2020,master,15779,"Энерго- и ресурсосберегающие процессы в химической технологии, нефтехимии и биотехнологии",18.04.02,,in_work,211,2023-10-05 14:07:57.404654
205,7016,13272,Компьютерные технологии в дизайне,2020,bachelor,15805,Профессиональное обучение,44.03.04,,in_work,606,2023-10-05 14:08:04.831125
206,7017,13327,Системы и технологии цифрового производства,2020,master,15790,Ракетные комплексы и космонавтика,24.04.01,,in_work,204,2023-10-05 14:08:08.666040
207,7018,13275,Интеллектуальные системы в гуманитарной сфере,2020,bachelor,15806,Интеллектуальные системы в гуманитарной сфере,45.03.04,,in_work,462,2023-10-05 14:08:14.436368
208,7019,14534,Робототехника и искусственный интеллект,2021,bachelor,15768,Мехатроника и робототехника,15.03.06,,in_work,613,2023-10-05 14:08:21.640787
209,7020,15317,Материалы фотоники,2020,master,15774,Техническая физика,16.04.01,,in_work,210,2023-10-05 14:08:25.641610
210,7021,13857,Компьютерные системы и технологии,2020,master,15742,Информатика и вычислительная техника,09.04.01,,in_work,120,2023-10-05 14:08:29.050351
211,7022,13859,Цифровые системы управления,2020,master,15797,Управление в технических системах,27.04.04,,in_work,62,2023-10-05 14:08:32.259388
212,7023,13860,Компьютерные системы и технологии,2020,bachelor,15738,Информатика и вычислительная техника,09.03.01,,in_work,377,2023-10-05 14:08:35.461503
213,7024,14518,Управление технологическими инновациями,2021,bachelor,15793,Инноватика,27.03.05,,in_work,552,2023-10-05 14:08:42.469842
214,7025,13298,Технологии защиты информации,2020,bachelor,15814,Информационная безопасность,10.03.01,,in_work,612,2023-10-05 14:08:50.017660
215,7026,14562,Технологии интернета вещей,2021,master,15745,Программная инженерия,09.04.04,,in_work,153,2023-10-05 14:08:51.751054
216,7027,14670,Агробиотехнология,2021,master,15783,Биотехнология,19.04.01,,in_work,146,2023-10-05 14:08:53.508306
217,7028,14680,Процессы и аппараты пищевых производств,2021,master,15769,Технологические машины и оборудование,15.04.02,,in_work,138,2023-10-05 14:08:55.064646
218,7031,14517,Бизнес-информатика,2021,bachelor,15802,Бизнес-информатика,38.03.05,,in_work,561,2023-10-05 14:09:02.270792
219,7032,13861,Цифровые системы управления,2020,bachelor,15792,Управление в технических системах,27.03.04,,in_work,378,2023-10-05 14:09:05.632915
220,7036,14672,ФудТех / Foodtech,2021,master,15784,Продукты питания из растительного сырья,19.04.02,,in_work,237,2023-10-05 14:09:07.696945
221,7037,14673,ФудТех / Foodtech,2021,master,15785,Продукты питания животного происхождения,19.04.03,,in_work,230,2023-10-05 14:09:09.641415
222,7038,13356,Системы управления движением и навигация,2020,master,15796,Системный анализ и управление,27.04.03,,in_work,156,2023-10-05 14:09:13.289930
223,7039,13367,Цифровые системы управления,2020,master,15797,Управление в технических системах,27.04.04,,in_work,240,2023-10-05 14:09:17.552340
224,7040,14297,Иностранные языки и информационные технологии,2020,bachelor,15806,Интеллектуальные системы в гуманитарной сфере,45.03.04,,in_work,448,2023-10-05 14:09:22.009982
225,7041,15297,ФудТех / Foodtech,2021,master,15769,Технологические машины и оборудование,15.04.02,,in_work,228,2023-10-05 14:09:24.091390
226,7042,14898,Световодная фотоника и программируемая электроника / Light Guide Photonics and Programmable Electronics,2021,master,15761,Лазерная техника и лазерные технологии,12.04.05,,in_work,202,2023-10-05 14:09:26.034829
227,7043,14571,Компьютерные системы и технологии,2021,master,15742,Информатика и вычислительная техника,09.04.01,,in_work,220,2023-10-05 14:09:27.871384
228,7044,14679,Аналитика данных,2021,master,15735,Прикладная математика и информатика,01.04.02,,in_work,147,2023-10-05 14:09:29.367892
229,7045,14601,Аналитика данных,2021,master,15736,Математическое обеспечение и администрирование информационных систем,02.04.03,,in_work,144,2023-10-05 14:09:30.900637
230,7046,14641,Программирование и искусственный интеллект,2021,master,15735,Прикладная математика и информатика,01.04.02,,in_work,165,2023-10-05 14:09:32.436246
231,7047,14592,Умный город и урбанистика,2021,master,15810,Градостроительство,07.04.04,,in_work,305,2023-10-05 14:09:34.716974
232,7048,14595,Умный город и урбанистика,2021,master,15744,Прикладная информатика,09.04.03,,in_work,312,2023-10-05 14:09:37.675289
233,7049,14594,Умный город и урбанистика,2021,master,15799,Наукоемкие технологии и экономика инноваций,27.04.07,,in_work,324,2023-10-05 14:09:40.544709
234,7050,14602,Программное обеспечение интеллектуальных систем и технологий,2021,master,15742,Информатика и вычислительная техника,09.04.01,,in_work,138,2023-10-05 14:09:41.892833
235,7051,14660,Системы управления движением и навигация / Motion control and navigation,2021,master,15791,Системы управления движением и навигация,24.04.02,,in_work,167,2023-10-05 14:09:43.984478
236,7052,14559,Информационная безопасность / Information security,2021,master,15747,Информационная безопасность,10.04.01,,in_work,344,2023-10-05 14:09:47.056639
237,7053,14644,"Анализ культурных данных и визуализация/ Data, Culture and Visualization",2021,master,15807,Интеллектуальные системы в гуманитарной среде,45.04.04,,in_work,167,2023-10-05 14:09:48.700778
238,7054,14569,Веб-технологии,2021,master,15745,Программная инженерия,09.04.04,,in_work,157,2023-10-05 14:09:50.307159
239,7055,14566,Программное обеспечение радиоэлектронных систем,2021,master,15745,Программная инженерия,09.04.04,,in_work,135,2023-10-05 14:09:51.937402
240,7056,14570,Перспективные системы передачи данных / Advanced Data Transfer Systems,2021,master,15774,Техническая физика,16.04.01,,in_work,213,2023-10-05 14:09:54.030088
241,7057,14574,Квантовые коммуникации и фемтотехнологии / Quantum communications and femtotechnologies,2021,master,15759,Фотоника и оптоинформатика,12.04.03,,in_work,226,2023-10-05 14:09:56.431498
242,7058,14568,Системное и прикладное программное обеспечение,2021,master,15745,Программная инженерия,09.04.04,,in_work,223,2023-10-05 14:09:58.195353
243,7059,14681,Стратегии и технологии цифровой трансформации,2021,master,15809,Информационные системы и технологии,09.04.02,,in_work,233,2023-10-05 14:10:00.330368
244,7060,14546,Компьютерные технологии в дизайне,2021,bachelor,15741,Программная инженерия,09.03.04,,in_work,626,2023-10-05 14:10:08.449216
245,7061,14563,Техническая физика / Physics and engineering,2021,master,15759,Фотоника и оптоинформатика,12.04.03,,in_work,207,2023-10-05 14:10:10.710295
246,7062,14552,Нейротехнологии и программирование,2021,bachelor,15741,Программная инженерия,09.03.04,,in_work,549,2023-10-05 14:10:18.284074
247,7063,14553,Системное и прикладное программное обеспечение,2021,bachelor,15741,Программная инженерия,09.03.04,,in_work,570,2023-10-05 14:10:25.662105
248,7064,14532,Биоинженерия,2021,bachelor,15755,Биотехнические системы и технологии,12.03.04,,in_work,623,2023-10-05 14:10:33.139528
249,7067,14596,Большие данные и машинное обучение / Big data and machine learning,2021,master,15735,Прикладная математика и информатика,01.04.02,,in_work,211,2023-10-05 14:10:38.266939
250,7068,14638,Химия прикладных материалов / Chemistry of Applied Materials,2021,master,15779,"Энерго- и ресурсосберегающие процессы в химической технологии, нефтехимии и биотехнологии",18.04.02,,in_work,184,2023-10-05 14:10:40.235794
251,7069,14580,Речевые информационные системы,2021,master,15809,Информационные системы и технологии,09.04.02,,in_work,178,2023-10-05 14:10:42.178757
252,7070,14605,Биоэкономика и управление ресурсами,2021,master,15779,"Энерго- и ресурсосберегающие процессы в химической технологии, нефтехимии и биотехнологии",18.04.02,,in_work,206,2023-10-05 14:10:45.188897
253,7073,14548,Информатика и программирование,2021,bachelor,15734,Прикладная математика и информатика,01.03.02,,in_work,474,2023-10-05 14:10:52.849466
254,7074,14549,Компьютерные системы и технологии,2021,bachelor,15738,Информатика и вычислительная техника,09.03.01,,in_work,528,2023-10-05 14:11:00.074461
255,7075,14527,Фотоника и оптоинформатика,2021,bachelor,15754,Фотоника и оптоинформатика,12.03.03,,in_work,696,2023-10-05 14:11:10.586750
256,7076,14678,Прикладная геномика / Applied genomics,2021,master,15783,Биотехнология,19.04.01,,in_work,153,2023-10-05 14:11:12.428761
257,7079,14573,Физика и технология наноструктур / Physics and technology of nanostructures,2021,master,15759,Фотоника и оптоинформатика,12.04.03,,in_work,150,2023-10-05 14:11:14.305011
258,7080,14565,Нейротехнологии и программная инженерия,2021,master,15745,Программная инженерия,09.04.04,,in_work,170,2023-10-05 14:11:16.604156
259,7081,14584,Биоинженерия и биотехнические системы / Bioengineering and biotechnical systems,2021,master,15760,Биотехнические системы и технологии,12.04.04,,in_work,264,2023-10-05 14:11:19.352157
260,7082,14577,Цифровые системы управления / Digital control systems,2021,master,15797,Управление в технических системах,27.04.04,,in_work,198,2023-10-05 14:11:21.345238
261,7083,14550,Программирование и интернет-технологии,2021,bachelor,15739,Информационные системы и технологии,09.03.02,,in_work,558,2023-10-05 14:11:27.250755
262,7084,14547,Компьютерные технологии в дизайне,2021,bachelor,15805,Профессиональное обучение,44.03.04,,in_work,589,2023-10-05 14:11:34.334928
263,7085,14897,Стратегии и технологии цифровой трансформации,2021,master,15758,Оптотехника,12.04.02,,in_work,232,2023-10-05 14:11:36.630861
264,7086,14528,Мобильные и сетевые технологии,2021,bachelor,15740,Прикладная информатика,09.03.03,,in_work,499,2023-10-05 14:11:42.797981
265,7087,14593,Световой дизайн / Lighting design,2021,master,15799,Наукоемкие технологии и экономика инноваций,27.04.07,,in_work,184,2023-10-05 14:11:44.609393
266,7088,14560,Функциональная безопасность беспилотных транспортных средств,2021,master,15751,Конструирование и технология электронных средств,11.04.03,,in_work,189,2023-10-05 14:11:46.413907
267,7090,14535,Биоинженерия,2021,bachelor,15777,"Энерго- и ресурсосберегающие процессы в химической технологии, нефтехимии и биотехнологии",18.03.02,,in_work,587,2023-10-05 14:11:53.373366
268,7091,14582,Квантовые технологии в индустрии,2021,master,15774,Техническая физика,16.04.01,,in_work,138,2023-10-05 14:11:54.909302
269,7092,14561,Функциональная безопасность беспилотных транспортных средств,2021,master,15788,Эксплуатация транспортно-технологических машин и комплексов,23.04.03,,in_work,189,2023-10-05 14:11:56.851113
270,7093,14587,Стратегии и технологии цифровой трансформации,2021,master,15798,Инноватика,27.04.05,,in_work,253,2023-10-05 14:11:59.425885
271,7094,14588,Стратегии и технологии цифровой трансформации,2021,master,15804,Бизнес-информатика,38.04.05,,in_work,254,2023-10-05 14:12:02.156596
272,7095,15237,Световодная фотоника и программируемая электроника / Light Guide Photonics and Programmable Electronics,2021,master,15774,Техническая физика,16.04.01,,in_work,206,2023-10-05 14:12:04.393282
273,7097,14657,Индустриальные киберфизические системы,2021,master,15757,Приборостроение,12.04.01,,in_work,227,2023-10-05 14:12:06.629086
274,7098,14642,Научная коммуникация,2021,master,15798,Инноватика,27.04.05,,in_work,203,2023-10-05 14:12:09.006029
275,7099,14533,Интеллектуальные системы в гуманитарной сфере,2021,bachelor,15806,Интеллектуальные системы в гуманитарной сфере,45.03.04,,in_work,541,2023-10-05 14:12:15.671957
276,7100,14567,Техническая физика / Physics and engineering,2021,master,15774,Техническая физика,16.04.01,,in_work,211,2023-10-05 14:12:17.774720
277,7101,14658,Индустриальные киберфизические системы,2021,master,15770,Автоматизация технологических процессов и производств,15.04.04,,in_work,230,2023-10-05 14:12:20.169841
278,7102,14659,Индустриальные киберфизические системы,2021,master,15790,Ракетные комплексы и космонавтика,24.04.01,,in_work,216,2023-10-05 14:12:22.025748
279,7105,14640,Искусство и наука / Art & Science,2021,master,15798,Инноватика,27.04.05,,in_work,171,2023-10-05 14:12:23.775978
280,7106,15517,Цифровые системы управления / Digital control systems,2021,master,15797,Управление в технических системах,27.04.04,,in_work,120,2023-10-05 14:12:24.941933
281,7107,14572,Компьютерные системы и технологии,2021,master,15742,Информатика и вычислительная техника,09.04.01,,in_work,120,2023-10-05 14:12:26.402597
282,7108,14551,Компьютерные системы и технологии,2021,bachelor,15738,Информатика и вычислительная техника,09.03.01,,in_work,371,2023-10-05 14:12:29.393739
283,7109,14529,Цифровые системы управления,2021,bachelor,15792,Управление в технических системах,27.03.04,,in_work,372,2023-10-05 14:12:32.524174
284,7110,15837,Большие данные и машинное обучение / Big data and machine learning,2022,master,15735,Прикладная математика и информатика,01.04.02,,in_work,368,2023-10-05 14:12:36.734573
285,7111,15838,Программирование и искусственный интеллект,2022,master,15735,Прикладная математика и информатика,01.04.02,,in_work,407,2023-10-05 14:12:41.986505
286,7112,15839,Биоинформатика и системная биология / Bioinformatics and systems biology,2022,master,15735,Прикладная математика и информатика,01.04.02,,in_work,338,2023-10-05 14:12:46.278167
287,7113,15840,Разработка программного обеспечения / Software Engineering,2022,master,15735,Прикладная математика и информатика,01.04.02,,in_work,411,2023-10-05 14:12:50.782008
288,7114,16077,Глубокое обучение и генеративный искусственный интеллект,2022,master,15735,Прикладная математика и информатика,01.04.02,,in_work,362,2023-10-05 14:12:56.281448
289,7115,15841,Математическое и компьютерное моделирование,2022,master,15735,Прикладная математика и информатика,01.04.02,,in_work,410,2023-10-05 14:13:02.464988
290,7116,15842,Математическое и компьютерное моделирование,2022,master,15796,Системный анализ и управление,27.04.03,,in_work,407,2023-10-05 14:13:08.351749
291,7117,15882,Аналитика данных,2022,master,15736,Математическое обеспечение и администрирование информационных систем,02.04.03,,in_work,458,2023-10-05 14:13:14.799703
292,7118,16079,Прикладная геномика / Applied genomics,2022,master,15783,Биотехнология,19.04.01,,in_work,524,2023-10-05 14:13:22.491825
293,7119,16086,Цифровая урбанистика,2022,master,15799,Наукоемкие технологии и экономика инноваций,27.04.07,,in_work,674,2023-10-05 14:13:29.567428
294,7120,15844,Компьютерные системы и технологии,2022,master,15742,Информатика и вычислительная техника,09.04.01,,in_work,413,2023-10-05 14:13:35.324972
295,7121,15846,Программирование и интернет-технологии,2022,master,15809,Информационные системы и технологии,09.04.02,,in_work,437,2023-10-05 14:13:41.563865
296,7122,16080,Искусственный интеллект в промышленности,2022,master,15809,Информационные системы и технологии,09.04.02,,in_work,446,2023-10-05 14:13:47.487382
297,7123,16081,Финансовые технологии больших данных,2022,master,15750,Инфокоммуникационные технологии и системы связи,11.04.02,,in_work,413,2023-10-05 14:13:52.541748
298,7124,16082,Речевые технологии и машинное обучение,2022,master,15809,Информационные системы и технологии,09.04.02,,in_work,362,2023-10-05 14:13:57.443441
299,7125,15848,Технологии разработки компьютерных игр,2022,master,15744,Прикладная информатика,09.04.03,,in_work,368,2023-10-05 14:14:02.280581
300,7126,15849,Мобильные и облачные технологии,2022,master,15744,Прикладная информатика,09.04.03,,in_work,467,2023-10-05 14:14:08.610917
301,7127,15850,Информационные системы бизнеса / Business information systems,2022,master,15744,Прикладная информатика,09.04.03,,in_work,344,2023-10-05 14:14:13.473965
302,7128,15852,Веб-технологии,2022,master,15745,Программная инженерия,09.04.04,,in_work,452,2023-10-05 14:14:19.627441
303,7129,15853,"Мультимедиа-технологии, дизайн и юзабилити",2022,master,15745,Программная инженерия,09.04.04,,in_work,451,2023-10-05 14:14:25.293799
304,7130,15854,Нейротехнологии и программная инженерия,2022,master,15745,Программная инженерия,09.04.04,,in_work,398,2023-10-05 14:14:31.394218
305,7131,15855,Программное обеспечение радиоэлектронных систем,2022,master,15745,Программная инженерия,09.04.04,,in_work,392,2023-10-05 14:14:36.677036
306,7132,15856,Системное и прикладное программное обеспечение,2022,master,15745,Программная инженерия,09.04.04,,in_work,512,2023-10-05 14:14:43.446995
307,7133,15858,Технологии интернета вещей,2022,master,15745,Программная инженерия,09.04.04,,in_work,461,2023-10-05 14:14:49.683794
308,7134,16083,Проектирование и разработка систем искусственного интеллекта,2022,master,15745,Программная инженерия,09.04.04,,in_work,377,2023-10-05 14:14:55.253700
309,7135,15860,Информационная безопасность / Information security,2022,master,15747,Информационная безопасность,10.04.01,,in_work,551,2023-10-05 14:15:01.068503
310,7136,16087,Безопасность систем искусственного интеллекта,2022,master,15747,Информационная безопасность,10.04.01,,in_work,384,2023-10-05 14:15:06.181853
311,7137,15861,Инфокоммуникации и цифровые медиа / Infocommunications and digital media,2022,master,15750,Инфокоммуникационные технологии и системы связи,11.04.02,,in_work,659,2023-10-05 14:15:13.166172
312,7138,15863,Функциональная безопасность беспилотных транспортных средств,2022,master,15788,Эксплуатация транспортно-технологических машин и комплексов,23.04.03,,in_work,401,2023-10-05 14:15:18.355105
313,7139,16137,Инженерия цифровых систем,2022,master,15765,Электроэнергетика и электротехника,13.04.02,,in_work,479,2023-10-05 14:15:26.222896
314,7140,16090,Цифровые технологии в производстве,2022,master,15770,Автоматизация технологических процессов и производств,15.04.04,,in_work,545,2023-10-05 14:15:32.537725
315,7142,15869,Биоинженерия и биотехнические системы / Bioengineering and biotechnical systems,2022,master,15760,Биотехнические системы и технологии,12.04.04,,in_work,497,2023-10-05 14:15:36.987654
316,7143,15883,Световодная фотоника и программируемая электроника,2022,master,15774,Техническая физика,16.04.01,,in_work,473,2023-10-05 14:15:45.217148
317,7144,15871,Электроинженерия,2022,master,15765,Электроэнергетика и электротехника,13.04.02,,in_work,527,2023-10-05 14:15:52.209030
318,7145,15872,Робототехника и искусственный интеллект / Robotics and artificial intelligence,2022,master,15771,Мехатроника и робототехника,15.04.06,,in_work,540,2023-10-05 14:15:58.575739
319,7146,15875,Перспективные системы передачи данных / Advanced Data Transfer Systems,2022,master,15761,Лазерная техника и лазерные технологии,12.04.05,,in_work,542,2023-10-05 14:16:06.289794
320,7147,15877,Информационные технологии в теплофизике,2022,master,15775,"Холодильная, криогенная техника и системы жизнеобеспечения",16.04.03,,in_work,374,2023-10-05 14:16:11.595192
321,7148,15880,Индустриальная экология / Industrial ecology,2022,master,15786,Техносферная безопасность,20.04.01,,in_work,596,2023-10-05 14:16:17.930155
322,7149,15876,Биоэкономика и управление ресурсами,2022,master,15779,"Энерго- и ресурсосберегающие процессы в химической технологии, нефтехимии и биотехнологии",18.04.02,,in_work,434,2023-10-05 14:16:23.030020
323,7150,15873,Химия прикладных материалов / Chemistry of Applied Materials,2022,master,15779,"Энерго- и ресурсосберегающие процессы в химической технологии, нефтехимии и биотехнологии",18.04.02,,in_work,596,2023-10-05 14:16:28.058423
324,7151,16092,Химия и искусственный интеллект / Chemistry and Artificial Intelligence,2022,master,15779,"Энерго- и ресурсосберегающие процессы в химической технологии, нефтехимии и биотехнологии",18.04.02,,in_work,547,2023-10-05 14:16:33.056832
325,7152,15870,Молекулярная биология и биотехнология / Molecular Biology and Biotechnology,2022,master,15783,Биотехнология,19.04.01,,in_work,614,2023-10-05 14:16:38.330094
326,7153,16095,ФудТех / Foodtech,2022,master,15785,Продукты питания животного происхождения,19.04.03,,in_work,491,2023-10-05 14:16:43.538136
327,7154,16099,Экологическая и техносферная безопасность / Environmental and technosphere safety,2022,master,15794,Стандартизация и метрология,27.04.01,,in_work,464,2023-10-05 14:16:49.186690
328,7155,16100,Системы управления движением и навигация,2022,master,15791,Системы управления движением и навигация,24.04.02,,in_work,476,2023-10-05 14:16:55.850892
329,7156,15881,Управление качеством,2022,master,15795,Управление качеством,27.04.02,,in_work,431,2023-10-05 14:17:01.325983
330,7157,15865,Цифровые системы управления / Digital control systems,2022,master,15797,Управление в технических системах,27.04.04,,in_work,539,2023-10-05 14:17:07.682766
331,7158,15864,Инновационное предпринимательство / Innovation Entrepreneurship,2022,master,15798,Инноватика,27.04.05,,in_work,635,2023-10-05 14:17:14.744727
332,7159,15859,Инновационный маркетинг,2022,master,15798,Инноватика,27.04.05,,in_work,413,2023-10-05 14:17:20.721479
333,7160,15857,Корпоративные финансы и венчурные инвестиции / Corporate Finance & Venture Capital,2022,master,15798,Инноватика,27.04.05,,in_work,518,2023-10-05 14:17:26.769802
334,7161,15847,Стратегическое управление интеллектуальной собственностью / IP Management Strategy,2022,master,15800,Управление интеллектуальной собственностью,27.04.08,,in_work,500,2023-10-05 14:17:32.344341
335,7162,15843,"Технонаука, инновации, экономика",2022,master,15803,Экономика,38.04.01,,in_work,440,2023-10-05 14:17:38.168271
336,7163,15997,Компьютерные технологии: Программирование и искусственный интеллект,2022,bachelor,15734,Прикладная математика и информатика,01.03.02,,in_work,451,2023-10-05 14:17:45.410060
337,7164,16038,Экотехнологии и устойчивое развитие,2022,bachelor,15811,Экология и природопользование,05.03.06,,in_work,444,2023-10-05 14:17:53.080866
338,7165,15998,Компьютерные системы и технологии,2022,bachelor,15738,Информатика и вычислительная техника,09.03.01,,in_work,481,2023-10-05 14:17:58.341423
339,7166,15999,Разработка программного обеспечения / Software Engineering,2022,bachelor,15739,Информационные системы и технологии,09.03.02,,in_work,420,2023-10-05 14:18:03.177514
340,7167,17118,Беспроводные технологии,2022,bachelor,15773,"Холодильная, криогенная техника и системы жизнеобеспечения",16.03.03,,in_work,485,2023-10-05 14:18:08.124192
341,7168,16018,Биоинженерия,2022,bachelor,15777,"Энерго- и ресурсосберегающие процессы в химической технологии, нефтехимии и биотехнологии",18.03.02,,in_work,512,2023-10-05 14:18:13.833514
342,7169,16000,Мобильные и сетевые технологии,2022,bachelor,15740,Прикладная информатика,09.03.03,,in_work,449,2023-10-05 14:18:18.515487
343,7170,16001,Нейротехнологии и программирование,2022,bachelor,15741,Программная инженерия,09.03.04,,in_work,483,2023-10-05 14:18:23.736636
344,7171,16002,Системное и прикладное программное обеспечение,2022,bachelor,15741,Программная инженерия,09.03.04,,in_work,496,2023-10-05 14:18:29.225429
345,7172,16003,Программирование в инфокоммуникационных системах,2022,bachelor,15748,Инфокоммуникационные технологии и системы связи,11.03.02,,in_work,434,2023-10-05 14:18:34.753390
346,7173,16007,Фотоника и оптоинформатика,2022,bachelor,15754,Фотоника и оптоинформатика,12.03.03,,in_work,438,2023-10-05 14:18:40.614705
347,7174,16009,Лазерные технологии,2022,bachelor,15756,Лазерная техника и лазерные технологии,12.03.05,,in_work,506,2023-10-05 14:18:49.939090
348,7175,16008,Физика наноструктур,2022,bachelor,15772,Техническая физика,16.03.01,,in_work,428,2023-10-05 14:18:56.415785
349,7176,16014,Прикладная и теоретическая физика,2022,bachelor,15772,Техническая физика,16.03.01,,in_work,526,2023-10-05 14:19:01.643512
350,7177,16016,Инфохимия,2022,bachelor,15776,Химическая технология,18.03.01,,in_work,395,2023-10-05 14:19:06.243940
351,7178,16019,Биотехнология,2022,bachelor,15780,Биотехнология,19.03.01,,in_work,428,2023-10-05 14:19:11.075178
352,7179,16022,Робототехника и искусственный интеллект,2022,bachelor,15792,Управление в технических системах,27.03.04,,in_work,830,2023-10-05 14:19:18.532030
353,7180,16023,Управление технологическими инновациями,2022,bachelor,15793,Инноватика,27.03.05,,in_work,479,2023-10-05 14:19:23.978507
354,7181,16024,Бизнес-информатика,2022,bachelor,15802,Бизнес-информатика,38.03.05,,in_work,503,2023-10-05 14:19:28.996857
355,7182,16026,Компьютерные технологии в дизайне,2022,bachelor,15805,Профессиональное обучение,44.03.04,,in_work,874,2023-10-05 14:19:36.870896
356,7183,16027,Иностранные языки и информационные технологии / Humanities and IT,2022,bachelor,15806,Интеллектуальные системы в гуманитарной сфере,45.03.04,,in_work,458,2023-10-05 14:19:41.493451
357,7184,16028,Интеллектуальные системы в гуманитарной сфере,2022,bachelor,15806,Интеллектуальные системы в гуманитарной сфере,45.03.04,,in_work,425,2023-10-05 14:19:45.995037
358,7185,16101,Искусство и наука / Art & Science,2022,master,15798,Инноватика,27.04.05,,in_work,383,2023-10-05 14:19:51.295620
359,7186,16102,Научная коммуникация,2022,master,15798,Инноватика,27.04.05,,in_work,350,2023-10-05 14:19:56.299564
360,7187,16103,Науки о здоровье / Public Health Sciences,2022,master,15799,Наукоемкие технологии и экономика инноваций,27.04.07,,in_work,287,2023-10-05 14:19:59.637940
361,7188,16104,Продуктовый дизайн,2022,master,15798,Инноватика,27.04.05,,in_work,308,2023-10-05 14:20:02.744903
362,7189,16106,Цифровые методы в гуманитарных исследованиях / Digital Humanities,2022,master,15807,Интеллектуальные системы в гуманитарной среде,45.04.04,,in_work,482,2023-10-05 14:20:09.093115
363,7190,16107,Прикладная оптика / Applied Optics,2022,master,15758,Оптотехника,12.04.02,,in_work,551,2023-10-05 14:20:17.688201
364,7191,16109,Квантовые коммуникации в индустрии,2022,master,15759,Фотоника и оптоинформатика,12.04.03,,in_work,500,2023-10-05 14:20:24.394012
365,7192,16110,Физика и технология наноструктур / Physics and Technology of Nanostructures,2022,master,15759,Фотоника и оптоинформатика,12.04.03,,in_work,680,2023-10-05 14:20:33.603924
366,7193,16111,Фемтосекундные и квантовые технологии,2022,master,15759,Фотоника и оптоинформатика,12.04.03,,in_work,687,2023-10-05 14:20:41.711044
367,7194,16112,Лазерные технологии,2022,master,15761,Лазерная техника и лазерные технологии,12.04.05,,in_work,572,2023-10-05 14:20:49.710650
368,7196,16115,"Современные квантовые и 
нанофотонные системы / Advanced Quantum and 
Nanophotonic Systems",2022,master,15774,Техническая физика,16.04.01,,in_work,584,2023-10-05 14:20:53.812487
369,7197,16116,Фотоника и спинтроника,2022,master,15774,Техническая физика,16.04.01,,in_work,512,2023-10-05 14:20:58.325371
370,7198,16117,Лазерные и синхротронные технологии мегасайенс / Megascience laser and synchrotron technologies,2022,master,15774,Техническая физика,16.04.01,,in_work,317,2023-10-05 14:21:02.559899
371,7199,16119,Энергоэффективные инженерные системы и технологии сжиженного природного газа,2022,master,15775,"Холодильная, криогенная техника и системы жизнеобеспечения",16.04.03,,in_work,461,2023-10-05 14:21:08.861183
372,7200,16120,Рециклинг и промышленный симбиоз / Recycling & Industrial Symbiosis,2022,master,15769,Технологические машины и оборудование,15.04.02,,in_work,383,2023-10-05 14:21:14.430349
373,7201,16122,Инфохимия / Infochemistry,2022,master,15778,Химическая технология,18.04.01,,in_work,296,2023-10-05 14:21:18.268276
374,7202,16217,Индустриальная биотехнология,2022,master,15783,Биотехнология,19.04.01,,in_work,335,2023-10-05 14:21:22.699207
375,7203,16005,Технологии защиты информации,2022,bachelor,15749,Конструирование и технология электронных средств,11.03.03,,in_work,500,2023-10-05 14:21:29.571905
376,7141,15868,Стратегии и технологии цифровой трансформации / Digital Transformation Strategies and Technologies,2022,master,15804,Бизнес-информатика,38.04.05,,in_work,542,2023-10-05 14:21:35.728400
377,7195,16114,Физика радиочастотных технологий,2022,master,15774,Техническая физика,16.04.01,,on_check,506,2023-10-05 14:21:39.684851
378,7205,17097,Роботизация химических технологий,2022,master,15770,Автоматизация технологических процессов и производств,15.04.04,,in_work,326,2023-10-05 14:21:44.023954
379,7206,16078,Прикладная геномика / Applied genomics,2022,master,15812,Биология,06.04.01,,in_work,536,2023-10-05 14:21:51.567015
380,7207,16084,Цифровая урбанистика,2022,master,15810,Градостроительство,07.04.04,,in_work,680,2023-10-05 14:22:01.730804
381,7208,15862,Функциональная безопасность беспилотных транспортных средств,2022,master,15751,Конструирование и технология электронных средств,11.04.03,,in_work,401,2023-10-05 14:22:07.385628
382,7209,16088,Инженерия цифровых систем,2022,master,15757,Приборостроение,12.04.01,,in_work,479,2023-10-05 14:22:15.640876
383,7210,16089,Цифровые технологии в производстве,2022,master,15757,Приборостроение,12.04.01,,in_work,545,2023-10-05 14:22:22.053218
384,7213,15879,Индустриальная экология / Industrial ecology,2022,master,15779,"Энерго- и ресурсосберегающие процессы в химической технологии, нефтехимии и биотехнологии",18.04.02,,in_work,596,2023-10-05 14:22:28.271206
385,7214,16093,ФудТех / Foodtech,2022,master,15783,Биотехнология,19.04.01,,in_work,476,2023-10-05 14:22:33.657476
386,7215,16098,Экологическая и техносферная безопасность / Environmental and technosphere safety,2022,master,15786,Техносферная безопасность,20.04.01,,in_work,467,2023-10-05 14:22:41.227477
387,7216,16094,ФудТех / Foodtech,2022,master,15784,Продукты питания из растительного сырья,19.04.02,,in_work,485,2023-10-05 14:22:46.414197
388,7217,16006,Беспроводные технологии,2022,bachelor,15753,Оптотехника,12.03.02,,in_work,486,2023-10-05 14:22:50.630719
389,7218,16017,Биоинженерия,2022,bachelor,15755,Биотехнические системы и технологии,12.03.04,,in_work,512,2023-10-05 14:22:56.196598
390,7219,17117,Беспроводные технологии,2022,bachelor,15772,Техническая физика,16.03.01,,in_work,485,2023-10-05 14:23:00.887758
391,7220,16004,Технологии защиты информации,2022,bachelor,15814,Информационная безопасность,10.03.01,,in_work,503,2023-10-05 14:23:07.771939
392,7222,15845,Инженерия машинного обучения,2022,master,15742,Информатика и вычислительная техника,09.04.01,,in_work,422,2023-10-05 14:23:12.706298
393,7223,16013,Робототехника и искусственный интеллект,2022,bachelor,15768,Мехатроника и робототехника,15.03.06,,in_work,830,2023-10-05 14:23:20.115918
394,7224,16012,Робототехника и искусственный интеллект,2022,bachelor,15767,Автоматизация технологических процессов и производств,15.03.04,,in_work,827,2023-10-05 14:23:27.275892
395,7225,16021,Робототехника и искусственный интеллект,2022,bachelor,15789,Системы управления движением и навигация,24.03.02,,in_work,827,2023-10-05 14:23:34.634070
396,7226,16011,Робототехника и искусственный интеллект,2022,bachelor,15752,Приборостроение,12.03.01,,in_work,827,2023-10-05 14:23:41.888611
397,7227,16010,Робототехника и искусственный интеллект,2022,bachelor,15763,Теплоэнергетика и теплотехника,13.03.01,,in_work,827,2023-10-05 14:23:49.109392
398,7228,16020,Робототехника и искусственный интеллект,2022,bachelor,15764,Электроэнергетика и электротехника,13.03.02,,in_work,827,2023-10-05 14:23:56.600786
399,7229,16025,Компьютерные технологии в дизайне,2022,bachelor,15741,Программная инженерия,09.03.04,,in_work,856,2023-10-05 14:24:02.763344
400,7230,16659,Инженерия машинного обучения,2022,master,15798,Инноватика,27.04.05,,in_work,443,2023-10-05 14:24:08.242437
401,7231,16658,Инженерия машинного обучения,2022,master,15750,Инфокоммуникационные технологии и системы связи,11.04.02,,in_work,422,2023-10-05 14:24:13.161392
402,7232,14578,Системы управления движением и навигация / Motion control and navigation,2021,master,15796,Системный анализ и управление,27.04.03,,in_work,159,2023-10-05 14:24:14.931412
403,7327,18382,Большие данные и машинное обучение / Big data and machine learning,2023,master,15735,Прикладная математика и информатика,01.04.02,факультет цифровых трансформаций,verified,120,2023-10-05 14:24:19.786582
404,7336,18406,Искусственный интеллект,2023,master,15750,Инфокоммуникационные технологии и системы связи,11.04.02,институт прикладных компьютерных наук,verified,120,2023-10-05 14:24:31.480139
405,7233,17711,Математическое и компьютерное моделирование,2020,master,15735,Прикладная математика и информатика,01.04.02,,in_work,135,2023-10-05 14:24:34.887831
406,7234,17712,Математическое и компьютерное моделирование,2021,master,15735,Прикладная математика и информатика,01.04.02,,in_work,153,2023-10-05 14:24:36.622557
407,7235,17713,Математическое и компьютерное моделирование,2021,master,15796,Системный анализ и управление,27.04.03,,in_work,150,2023-10-05 14:24:38.446528
408,7236,17684,Лазерная фотоника и оптоэлектроника,2019,bachelor,15756,Лазерная техника и лазерные технологии,12.03.05,,in_work,321,2023-10-05 14:24:43.787472
409,7237,17685,Лазерная фотоника и оптоэлектроника,2019,bachelor,15772,Техническая физика,16.03.01,,in_work,321,2023-10-05 14:24:48.981677
410,7238,17686,Лазерная фотоника и оптоэлектроника,2020,bachelor,15756,Лазерная техника и лазерные технологии,12.03.05,,in_work,514,2023-10-05 14:24:57.348753
411,7239,17687,Лазерная фотоника и оптоэлектроника,2020,bachelor,15772,Техническая физика,16.03.01,,in_work,511,2023-10-05 14:25:06.958038
412,7240,17688,Лазерная фотоника и оптоэлектроника,2021,bachelor,15756,Лазерная техника и лазерные технологии,12.03.05,,in_work,625,2023-10-05 14:25:16.325370
413,7241,17689,Лазерная фотоника и оптоэлектроника,2021,bachelor,15772,Техническая физика,16.03.01,,in_work,595,2023-10-05 14:25:23.632971
414,7242,17690,Лазерные технологии,2020,master,15761,Лазерная техника и лазерные технологии,12.04.05,,in_work,156,2023-10-05 14:25:27.203086
415,7243,17691,Лазерные технологии,2021,master,15761,Лазерная техника и лазерные технологии,12.04.05,,in_work,174,2023-10-05 14:25:28.904664
416,7244,17660,Низкотемпературная техника и энергетика,2018,bachelor,15773,"Холодильная, криогенная техника и системы жизнеобеспечения",16.03.03,,in_work,352,2023-10-05 14:25:34.264230
417,7245,17661,Низкотемпературная техника и энергетика,2019,bachelor,15773,"Холодильная, криогенная техника и системы жизнеобеспечения",16.03.03,,in_work,330,2023-10-05 14:25:38.936400
418,7246,17663,Низкотемпературная техника и энергетика,2020,bachelor,15773,"Холодильная, криогенная техника и системы жизнеобеспечения",16.03.03,,in_work,448,2023-10-05 14:25:45.012046
419,7247,17664,Технологии транспортирования углеводородных энергоносителей,2018,bachelor,,,,,in_work,311,2023-10-05 14:25:50.070827
420,7248,17665,Информационные технологии в энергетике,2018,bachelor,15766,Ядерная энергетика и теплофизика,14.03.01,,in_work,311,2023-10-05 14:25:55.390673
421,7249,17666,Информационные технологии в энергетике,2019,bachelor,15766,Ядерная энергетика и теплофизика,14.03.01,,in_work,318,2023-10-05 14:26:00.150672
422,7250,17667,Информационные технологии в энергетике,2020,bachelor,15766,Ядерная энергетика и теплофизика,14.03.01,,in_work,440,2023-10-05 14:26:06.497918
423,7251,17669,Энергоэффективность и возобновляемая энергетика,2021,bachelor,15763,Теплоэнергетика и теплотехника,13.03.01,,in_work,460,2023-10-05 14:26:13.087914
424,7252,17670,Инжиниринг энергетических систем,2021,bachelor,15773,"Холодильная, криогенная техника и системы жизнеобеспечения",16.03.03,,in_work,506,2023-10-05 14:26:19.332999
425,7253,17671,Автоматизация технологических процессов и производств пищевой промышленности,2020,master,15770,Автоматизация технологических процессов и производств,15.04.04,,in_work,135,2023-10-05 14:26:22.721459
426,7254,17672,Техника и технологии сжиженного природного газа,2020,master,15775,"Холодильная, криогенная техника и системы жизнеобеспечения",16.04.03,,in_work,165,2023-10-05 14:26:26.469632
427,7255,17673,Техника и технологии сжиженного природного газа,2021,master,15775,"Холодильная, криогенная техника и системы жизнеобеспечения",16.04.03,,in_work,135,2023-10-05 14:26:27.795800
428,7257,17675,Технологии и системы преобразования энергии,2021,master,15770,Автоматизация технологических процессов и производств,15.04.04,,in_work,181,2023-10-05 14:26:29.452057
429,7258,17676,Технологии и системы преобразования энергии,2021,master,15775,"Холодильная, криогенная техника и системы жизнеобеспечения",16.04.03,,in_work,192,2023-10-05 14:26:34.618281
430,7259,17677,Информационные технологии в теплофизике,2020,master,15775,"Холодильная, криогенная техника и системы жизнеобеспечения",16.04.03,,in_work,135,2023-10-05 14:26:38.822197
431,7260,17678,Информационные технологии в теплофизике,2021,master,15775,"Холодильная, криогенная техника и системы жизнеобеспечения",16.04.03,,in_work,153,2023-10-05 14:26:40.425598
432,7261,17680,Промышленные холодильные системы и тепловые насосы,2020,master,15775,"Холодильная, криогенная техника и системы жизнеобеспечения",16.04.03,,in_work,135,2023-10-05 14:26:43.725456
433,7262,17681,Проектирование тепломассообменного оборудования и систем жизнеобеспечения,2020,master,15775,"Холодильная, криогенная техника и системы жизнеобеспечения",16.04.03,,in_work,135,2023-10-05 14:26:48.895258
434,7263,17682,Твердотельные системы охлаждения,2020,master,15775,"Холодильная, криогенная техника и системы жизнеобеспечения",16.04.03,,in_work,156,2023-10-05 14:26:52.431507
435,7264,17697,Экологический инжиниринг,2018,bachelor,15777,"Энерго- и ресурсосберегающие процессы в химической технологии, нефтехимии и биотехнологии",18.03.02,,in_work,296,2023-10-05 14:26:57.601819
436,7265,17699,Информационные системы для экологической и техносферной безопасности,2020,master,15786,Техносферная безопасность,20.04.01,,in_work,135,2023-10-05 14:27:01.047652
437,7266,17703,Стандартизация и метрология в высокотехнологичном секторе экономики,2020,master,15794,Стандартизация и метрология,27.04.01,,in_work,135,2023-10-05 14:27:04.906737
438,7267,17704,Промышленная экология и чистое производство,2020,master,15779,"Энерго- и ресурсосберегающие процессы в химической технологии, нефтехимии и биотехнологии",18.04.02,,in_work,211,2023-10-05 14:27:09.134364
439,7268,17708,Техногенная безопасность и метрология,2021,master,15794,Стандартизация и метрология,27.04.01,,in_work,174,2023-10-05 14:27:10.939673
440,7269,17707,Техногенная безопасность и метрология,2021,master,15786,Техносферная безопасность,20.04.01,,in_work,174,2023-10-05 14:27:13.296608
441,7270,17709,Индустриальная экология / Industrial ecology,2021,master,15779,"Энерго- и ресурсосберегающие процессы в химической технологии, нефтехимии и биотехнологии",18.04.02,,in_work,290,2023-10-05 14:27:15.653218
442,7271,17710,Индустриальная экология / Industrial ecology,2021,master,15786,Техносферная безопасность,20.04.01,,in_work,310,2023-10-05 14:27:18.114890
443,7272,17714,Прикладная оптика / Applied optics,2021,master,15758,Оптотехника,12.04.02,,in_work,255,2023-10-05 14:27:21.002612
444,7273,17716,Прикладная оптика,2020,master,15758,Оптотехника,12.04.02,,in_work,225,2023-10-05 14:27:25.420452
445,7274,17718,Прикладная оптика,2019,bachelor,15753,Оптотехника,12.03.02,,in_work,363,2023-10-05 14:27:30.764767
446,7275,17722,Прикладная оптика,2020,bachelor,15753,Оптотехника,12.03.02,,in_work,489,2023-10-05 14:27:37.702815
447,7276,17723,Прикладная оптика,2021,bachelor,15753,Оптотехника,12.03.02,,in_work,524,2023-10-05 14:27:44.086535
448,7277,17724,Световая инженерия,2018,bachelor,15772,Техническая физика,16.03.01,,in_work,311,2023-10-05 14:27:49.337927
449,7278,17726,Прикладная и компьютерная оптика,2018,bachelor,15753,Оптотехника,12.03.02,,in_work,311,2023-10-05 14:27:54.988441
450,7279,17727,Оптико-электронные приборы и системы,2020,specialist,15762,Электронные и оптико-электронные приборы и системы специального назначения,12.05.01,,in_work,410,2023-10-05 14:28:03.093981
451,7281,17729,Оптико-электронные информационно-измерительные приборы и системы,2019,specialist,15762,Электронные и оптико-электронные приборы и системы специального назначения,12.05.01,,in_work,367,2023-10-05 14:28:08.538775
452,7282,17731,Прикладная оптика,2019,bachelor,15772,Техническая физика,16.03.01,,in_work,362,2023-10-05 14:28:13.771566
453,7283,17733,Биоинформатика и системная биология / Bioinformatics and systems biology,2021,master,15735,Прикладная математика и информатика,01.04.02,,in_work,137,2023-10-05 14:28:15.331853
454,7284,17734,Разработка программного обеспечения / Software Engineering,2021,master,15735,Прикладная математика и информатика,01.04.02,,in_work,128,2023-10-05 14:28:17.101822
455,7285,17797,Подготовительные курсы,2022,specialist,15813,Подготовительные курсы,00.00.00,,in_work,29,2023-10-05 14:28:18.084002
456,7286,17798,Подготовительные курсы,2022,specialist,15813,Подготовительные курсы,00.00.00,,in_work,56,2023-10-05 14:28:18.969652
457,7287,17799,Подготовительные курсы,2022,specialist,15813,Подготовительные курсы,00.00.00,,in_work,123,2023-10-05 14:28:19.829338
458,7330,18390,Искусственный интеллект и поведенческая экономика,2023,master,15744,Прикладная информатика,09.04.03,факультет цифровых трансформаций,verified,120,2023-10-05 14:28:25.665054
459,7324,18378,Программирование и искусственный интеллект,2023,master,15735,Прикладная математика и информатика,01.04.02,институт прикладных компьютерных наук,verified,120,2023-10-05 14:28:31.812947
460,7305,18351,Биоинженерия,2023,bachelor,15755,Биотехнические системы и технологии,12.03.04,центр химической инженерии,verified,228,2023-10-05 14:28:39.671536
461,7331,18392,Аналитика данных,2023,master,15818,Математическое обеспечение и администрирование информационных систем,02.04.01,высшая школа цифровой культуры,verified,120,2023-10-05 14:28:45.929907
462,7323,18377,Разработка программного обеспечения,2023,master,15735,Прикладная математика и информатика,01.04.02,институт прикладных компьютерных наук,verified,120,2023-10-05 14:28:51.925934
463,7299,18345,Системное и прикладное программное обеспечение,2023,bachelor,15741,Программная инженерия,09.03.04,факультет программной инженерии и компьютерной техники,verified,240,2023-10-05 14:29:00.915568
464,7302,18348,Программирование в инфокоммуникационных системах,2023,bachelor,15748,Инфокоммуникационные технологии и системы связи,11.03.02,факультет инфокоммуникационных технологий,verified,240,2023-10-05 14:29:07.435195
465,7211,15867,Стратегии и технологии цифровой трансформации / Digital Transformation Strategies and Technologies,2022,master,15798,Инноватика,27.04.05,,in_work,542,2023-10-05 14:29:13.703773
466,7212,16157,Стратегии и технологии цифровой трансформации / Digital Transformation Strategies and Technologies,2022,master,15803,Экономика,38.04.01,,in_work,542,2023-10-05 14:29:19.781140
467,7256,17674,Водородная энергетика,2021,master,15774,Техническая физика,16.04.01,,in_work,123,2023-10-05 14:29:21.411321
468,7334,18399,Компьютерные системы и технологии,2023,master,15742,Информатика и вычислительная техника,09.04.01,факультет программной инженерии и компьютерной техники,verified,120,2023-10-05 14:29:27.641617
469,7333,18395,Цифровая урбанистика / Digital Urban Studies,2023,master,15799,Наукоемкие технологии и экономика инноваций,27.04.07,Институт дизайна и урбанистики,verified,123,2023-10-05 14:29:35.772915
470,7326,18380,Биоинформатика и системная биология / Bioinformatics and systems biology,2023,master,15735,Прикладная математика и информатика,01.04.02,институт прикладных компьютерных наук,verified,120,2023-10-05 14:29:40.447397
471,7325,18379,Глубокое обучение и генеративный искусственный интеллект,2023,master,15735,Прикладная математика и информатика,01.04.02,институт прикладных компьютерных наук,verified,120,2023-10-05 14:29:46.342492
472,7332,18393,Цифровая урбанистика / Digital Urban Studies,2023,master,15810,Градостроительство,07.04.04,Институт дизайна и урбанистики,verified,123,2023-10-05 14:29:54.580739
473,7204,16657,Техническое зрение,2022,master,15758,Оптотехника,12.04.02,"научно-образовательная лаборатория ""Техническое зрение""",in_work,518,2023-10-05 14:30:01.122223
474,7328,18429,Математическое и компьютерное моделирование,2023,master,15735,Прикладная математика и информатика,01.04.02,научно-образовательный центр математики,verified,120,2023-10-05 14:30:08.436060
475,7280,10572,Нанофотоника и квантовая оптика,2018,bachelor,15772,Техническая физика,16.03.01,,in_work,393,2023-10-05 14:30:14.801246
476,7221,16105,Цифровые методы в гуманитарных исследованиях / Digital Humanities,2022,master,15799,Наукоемкие технологии и экономика инноваций,27.04.07,,on_check,480,2023-10-05 14:30:21.111738
477,7313,18359,Робототехника и искусственный интеллект,2023,bachelor,15792,Управление в технических системах,27.03.04,факультет систем управления и робототехники,verified,240,2023-10-05 14:30:31.297940
478,7293,18338,Теоретическая и экспериментальная физика,2023,bachelor,15772,Техническая физика,16.03.01,физический факультет,verified,240,2023-10-05 14:30:38.869688
479,7348,18428,Системное и прикладное программное обеспечение,2023,master,15745,Программная инженерия,09.04.04,факультет программной инженерии и компьютерной техники,verified,120,2023-10-05 14:30:45.775027
480,7338,18413,Программирование и интернет-технологии,2023,master,15809,Информационные системы и технологии,09.04.02,факультет информационных технологий и программирования,verified,120,2023-10-05 14:30:52.217672
481,7370,18442,Роботизация химических технологий,2023,master,15770,Автоматизация технологических процессов и производств,15.04.04,научно-образовательный центр инфохимии,verified,120,2023-10-05 14:30:57.477854
482,7344,18424,"Мультимедиа-технологии, дизайн и юзабилити",2023,master,15745,Программная инженерия,09.04.04,факультет программной инженерии и компьютерной техники,verified,120,2023-10-05 14:31:04.256940
483,7354,18458,Программирование и инфокоммуникации,2023,master,15750,Инфокоммуникационные технологии и системы связи,11.04.02,факультет инфокоммуникационных технологий,verified,120,2023-10-05 14:31:14.483020
484,7350,18454,Проектирование и разработка систем больших данных,2023,master,15745,Программная инженерия,09.04.04,факультет программной инженерии и компьютерной техники,verified,120,2023-10-05 14:31:21.073004
485,7405,18388,Цифровые методы в гуманитарных исследованиях,2023,master,15798,Инноватика,27.04.05,институт международного развития и партнерства,verified,120,2023-10-05 14:31:28.785945
486,7400,18398,Научная коммуникация,2023,master,15798,Инноватика,27.04.05,институт международного развития и партнерства,verified,120,2023-10-05 14:31:35.926405
487,7343,18421,Мобильные и облачные технологии,2023,master,15744,Прикладная информатика,09.04.03,факультет инфокоммуникационных технологий,verified,120,2023-10-05 14:31:44.508457
488,7359,18519,Цифровые технологии в производстве,2023,master,15770,Автоматизация технологических процессов и производств,15.04.04,факультет систем управления и робототехники,verified,120,2023-10-05 14:31:52.471044
489,7401,18397,Искусство и наука / Art & Science,2023,master,15798,Инноватика,27.04.05,институт международного развития и партнерства,verified,126,2023-10-05 14:31:56.383846
490,7381,18431,Энергоэффективные инженерные системы и технологии СПГ,2023,master,15775,"Холодильная, криогенная техника и системы жизнеобеспечения",16.04.03,"институт  ""Высшая инженерно-техническая школа""",verified,120,2023-10-05 14:32:02.288288
491,7355,18444,Функциональная безопасность беспилотных транспортных средств,2023,master,15751,Конструирование и технология электронных средств,11.04.03,факультет безопасности информационных технологий,verified,120,2023-10-05 14:32:08.492080
492,7361,18451,Техническое зрение,2023,master,15758,Оптотехника,12.04.02,"научно-образовательная лаборатория ""Техническое зрение""",verified,120,2023-10-05 14:32:16.657276
493,7403,18394,Корпоративные финансы и венчурные инвестиции,2023,master,15798,Инноватика,27.04.05,факультет технологического менеджмента и инноваций,in_work,0,2023-10-05 14:32:17.596321
494,7364,18456,Хемоинформатика и биоинженерия / Chemoinformatics and bioengineering,2023,master,15760,Биотехнические системы и технологии,12.04.04,центр химической инженерии,verified,99,2023-10-05 14:32:24.140167
495,7385,18414,Индустриальная экология / Industrial ecology,2023,master,15779,"Энерго- и ресурсосберегающие процессы в химической технологии, нефтехимии и биотехнологии",18.04.02,факультет экотехнологий,verified,120,2023-10-05 14:32:32.950430
496,7394,18402,Молекулярная биология и биотехнология / Molecular Biology and Biotechnology,2023,master,15783,Биотехнология,19.04.01,химико-биологический кластер,verified,120,2023-10-05 14:32:37.929608
497,7388,18411,Химия и искусственный интеллект / Chemistry and Artificial Intelligence,2023,master,15779,"Энерго- и ресурсосберегающие процессы в химической технологии, нефтехимии и биотехнологии",18.04.02,химико-биологический кластер,verified,120,2023-10-05 14:32:43.116704
498,7411,18381,Цифровые продукты: создание и управление,2023,master,15819,Менеджмент,38.04.02,факультет технологического менеджмента и инноваций,verified,120,2023-10-05 14:32:46.796447
499,7485,18417,Искусственный интеллект в промышленности,2023,master,15809,Информационные системы и технологии,09.04.02,факультет цифровых трансформаций,verified,120,2023-10-05 14:32:54.261987
500,7404,18391,Продуктовый дизайн,2023,master,15798,Инноватика,27.04.05,институт международного развития и партнерства,verified,120,2023-10-05 14:32:58.979851
501,7396,18526,Прикладная геномика,2023,master,15812,Биология,06.04.01,химико-биологический кластер,verified,120,2023-10-05 14:33:06.125389
502,7487,18387,Искусственный интеллект и поведенческая экономика,2023,master,15735,Прикладная математика и информатика,01.04.02,факультет цифровых трансформаций,verified,120,2023-10-05 14:33:12.416053
503,7339,18415,Речевые технологии и машинное обучение,2023,master,15809,Информационные системы и технологии,09.04.02,факультет информационных технологий и программирования,verified,120,2023-10-05 14:33:17.376990
504,7389,18410,Химия для энергетических технологий / Sustainable Chemistry For Energy Technologies,2023,master,15779,"Энерго- и ресурсосберегающие процессы в химической технологии, нефтехимии и биотехнологии",18.04.02,химико-биологический кластер,verified,120,2023-10-05 14:33:22.599431
505,7360,18449,Прикладная оптика / Applied Optics,2023,master,15758,Оптотехника,12.04.02,"институт  ""Высшая инженерно-техническая школа""",verified,120,2023-10-05 14:33:30.806249
506,7372,18440,Системный анализ и управление,2023,master,15796,Системный анализ и управление,27.04.03,факультет систем управления и робототехники,verified,120,2023-10-05 14:33:38.396149
507,7392,18408,ФудТех / Foodtech,2023,master,15785,Продукты питания животного происхождения,19.04.03,факультет биотехнологий,verified,120,2023-10-05 14:33:44.328678
508,7297,18343,Мобильные и сетевые технологии,2023,bachelor,15740,Прикладная информатика,09.03.03,факультет инфокоммуникационных технологий,verified,241,2023-10-05 14:33:51.678038
509,7365,18452,Лазерные технологии,2023,master,15761,Лазерная техника и лазерные технологии,12.04.05,институт лазерных технологий,verified,120,2023-10-05 14:34:00.462331
510,7337,18409,Искусственный интеллект,2023,master,15798,Инноватика,27.04.05,институт прикладных компьютерных наук,verified,120,2023-10-05 14:34:12.635157
511,7375,18435,Световодная фотоника и программируемая электроника,2023,master,15774,Техническая физика,16.04.01,"институт  ""Высшая инженерно-техническая школа""",verified,120,2023-10-05 14:34:20.215822
512,7347,18427,Программное обеспечение радиоэлектронных систем,2023,master,15745,Программная инженерия,09.04.04,факультет программной инженерии и компьютерной техники,verified,120,2023-10-05 14:34:26.207132
513,7356,18445,Функциональная безопасность беспилотных транспортных средств,2023,master,15788,Эксплуатация транспортно-технологических машин и комплексов,23.04.03,факультет безопасности информационных технологий,verified,120,2023-10-05 14:34:32.355404
514,7341,18418,Информационные системы бизнеса,2023,master,15744,Прикладная информатика,09.04.03,факультет информационных технологий и программирования,verified,120,2023-10-05 14:34:37.567038
515,7398,18400,Математические технологии системного анализа,2023,master,15796,Системный анализ и управление,27.04.03,научно-образовательный центр математики,verified,120,2023-10-05 14:34:44.890460
516,7382,18423,Технологии декарбонизации в топливно-энергетическом комплексе,2023,master,15775,"Холодильная, криогенная техника и системы жизнеобеспечения",16.04.03,"институт  ""Высшая инженерно-техническая школа""",verified,120,2023-10-05 14:34:50.213077
517,7346,18426,Нейротехнологии и программная инженерия,2023,master,15745,Программная инженерия,09.04.04,факультет программной инженерии и компьютерной техники,verified,120,2023-10-05 14:34:56.234880
518,7380,18432,Информационные технологии в теплофизике,2023,master,15775,"Холодильная, криогенная техника и системы жизнеобеспечения",16.04.03,"образовательный центр ""Энергоэффективные инженерные системы""",verified,120,2023-10-05 14:35:01.946035
519,7357,18447,Инженерия цифровых систем,2023,master,15757,Приборостроение,12.04.01,"институт  ""Высшая инженерно-техническая школа""",verified,120,2023-10-05 14:35:09.784964
520,7483,18517,Физика и технология наноструктур / Physics and Technology of Nanostructures,2023,master,15759,Фотоника и оптоинформатика,12.04.03,факультет фотоники,verified,120,2023-10-05 14:35:18.542306
521,7484,18443,Программирование и инфокоммуникации,2023,master,15750,Инфокоммуникационные технологии и системы связи,11.04.02,факультет инфокоммуникационных технологий,in_work,0,2023-10-05 14:35:19.300379
522,7407,18386,Науки о здоровье / Public Health Sciences,2023,master,15799,Наукоемкие технологии и экономика инноваций,27.04.07,институт международного развития и партнерства,verified,120,2023-10-05 14:35:23.389671
523,7369,18448,Экологическая инженерия и экодизайн,2023,master,15786,Техносферная безопасность,20.04.01,факультет экотехнологий,verified,120,2023-10-05 14:35:30.227422
524,7386,18416,Индустриальная экология / Industrial ecology,2023,master,15786,Техносферная безопасность,20.04.01,факультет экотехнологий,verified,120,2023-10-05 14:35:38.948315
525,7349,18430,Проектирование и разработка систем искусственного интеллекта,2023,master,15745,Программная инженерия,09.04.04,факультет программной инженерии и компьютерной техники,verified,120,2023-10-05 14:35:45.215359
526,7377,18433,Физика радиочастотных технологий,2023,master,15774,Техническая физика,16.04.01,физико-технический мегафакультет,verified,120,2023-10-05 14:35:50.950717
527,7379,18521,Фотоника и спинтроника,2023,master,15774,Техническая физика,16.04.01,физический факультет,verified,120,2023-10-05 14:35:57.593746
528,7351,18455,Программирование для незрячих и слабовидящих,2023,master,15745,Программная инженерия,09.04.04,факультет программной инженерии и компьютерной техники,verified,120,2023-10-05 14:36:01.748675
529,7353,18441,Безопасность систем искусственного интеллекта,2023,master,15747,Информационная безопасность,10.04.01,факультет безопасности информационных технологий,verified,120,2023-10-05 14:36:07.960070
530,7366,18523,Перспективные системы передачи данных,2023,master,15761,Лазерная техника и лазерные технологии,12.04.05,институт перспективных систем передачи данных,verified,120,2023-10-05 14:36:14.401958
531,7378,18524,Лазерные и синхротронные технологии мегасайенс,2023,master,15774,Техническая физика,16.04.01,институт перспективных систем передачи данных,verified,120,2023-10-05 14:36:20.384729
532,7402,18396,Инновационный маркетинг,2023,master,15798,Инноватика,27.04.05,факультет технологического менеджмента и инноваций,in_work,42,2023-10-05 14:36:21.745064
533,7391,18407,ФудТех / Foodtech,2023,master,15784,Продукты питания из растительного сырья,19.04.02,факультет биотехнологий,verified,93,2023-10-05 14:36:26.448644
534,7300,18346,Технологии защиты информации,2023,bachelor,15814,Информационная безопасность,10.03.01,факультет безопасности информационных технологий,verified,240,2023-10-05 14:36:32.876523
535,7352,18439,Информационная безопасность / Information security,2023,master,15747,Информационная безопасность,10.04.01,факультет безопасности информационных технологий,verified,120,2023-10-05 14:36:40.923636
536,7374,18436,Инженерия приводных систем,2023,master,15771,Мехатроника и робототехника,15.04.06,факультет систем управления и робототехники,verified,120,2023-10-05 14:36:48.667147
537,7409,18383,Технологии и стратегии бизнес-трансформации,2023,master,15803,Экономика,38.04.01,факультет технологического менеджмента и инноваций,verified,120,2023-10-05 14:36:54.969565
538,7362,18457,Прикладная фотоника,2023,master,15759,Фотоника и оптоинформатика,12.04.03,физико-технический мегафакультет,verified,120,2023-10-05 14:37:03.605237
539,7301,18347,Технологии защиты информации,2023,bachelor,15749,Конструирование и технология электронных средств,11.03.03,факультет безопасности информационных технологий,verified,240,2023-10-05 14:37:10.585999
540,7358,18518,Цифровые технологии в производстве,2023,master,15757,Приборостроение,12.04.01,факультет систем управления и робототехники,verified,120,2023-10-05 14:37:18.693305
541,7495,18520,Физика и технология наноструктур / Physics and technology of nanostructures,2023,master,15759,Фотоника и оптоинформатика,12.04.03,факультет фотоники,verified,120,2023-10-05 14:37:28.184687
542,7335,18404,Искусственный интеллект,2023,master,15742,Информатика и вычислительная техника,09.04.01,институт прикладных компьютерных наук,verified,120,2023-10-05 14:37:40.128562
543,7496,25337,Технологии и стратегии бизнес-трансформации,2023,master,15798,Инноватика,27.04.05,факультет технологического менеджмента и инноваций,verified,120,2023-10-05 14:37:48.140272
544,7307,18353,Лазерные технологии,2023,bachelor,15756,Лазерная техника и лазерные технологии,12.03.05,институт лазерных технологий,verified,240,2023-10-05 14:37:57.318347
545,7316,18362,Биотехнология,2023,bachelor,15780,Биотехнология,19.03.01,факультет биотехнологий,verified,236,2023-10-05 14:38:02.793500
546,7318,18365,Бизнес-информатика,2023,bachelor,15802,Бизнес-информатика,38.03.05,факультет технологического менеджмента и инноваций,verified,240,2023-10-05 14:38:10.469004
547,7322,18363,Интеллектуальные системы в гуманитарной сфере,2023,bachelor,15806,Интеллектуальные системы в гуманитарной сфере,45.03.04,факультет инфокоммуникационных технологий,verified,240,2023-10-05 14:38:17.124427
548,7390,18405,ФудТех / Foodtech,2023,master,15783,Биотехнология,19.04.01,факультет биотехнологий,verified,156,2023-10-05 14:38:22.736104
549,7371,18438,Системный анализ и управление,2023,master,15771,Мехатроника и робототехника,15.04.06,факультет систем управления и робототехники,verified,120,2023-10-05 14:38:30.110374
550,7367,18450,Электроинженерия,2023,master,15765,Электроэнергетика и электротехника,13.04.02,факультет систем управления и робототехники,verified,120,2023-10-05 14:38:37.649177
551,7304,18350,Физика наноструктур,2023,bachelor,15754,Фотоника и оптоинформатика,12.03.03,факультет фотоники,verified,240,2023-10-05 14:38:46.879934
552,7494,22797,Инфокоммуникационные оптические технологии,2023,master,15774,Техническая физика,16.04.01,"институт  ""Высшая инженерно-техническая школа""",verified,120,2023-10-05 14:38:55.136177
553,7303,18349,Фотоника и оптоинформатика,2023,bachelor,15754,Фотоника и оптоинформатика,12.03.03,факультет фотоники,verified,240,2023-10-05 14:39:03.134763
554,7373,18437,Робототехника и искусственный интеллект / Robotics and artificial intelligence,2023,master,15771,Мехатроника и робототехника,15.04.06,факультет систем управления и робототехники,verified,120,2023-10-05 14:39:12.081108
555,7410,18384,Технологии и стратегии бизнес-трансформации,2023,master,15804,Бизнес-информатика,38.04.05,факультет технологического менеджмента и инноваций,verified,120,2023-10-05 14:39:18.713707
556,7491,25137,Программное обеспечение высоконагруженных систем,2023,master,15735,Прикладная математика и информатика,01.04.02,институт прикладных компьютерных наук,verified,120,2023-10-05 14:39:23.747470
557,7311,18357,Робототехника и искусственный интеллект,2023,bachelor,15768,Мехатроника и робототехника,15.03.06,факультет систем управления и робототехники,verified,240,2023-10-05 14:39:34.291489
558,7291,18339,Компьютерные технологии: Программирование и искусственный интеллект,2023,bachelor,15734,Прикладная математика и информатика,01.03.02,факультет информационных технологий и программирования,verified,237,2023-10-05 14:39:42.452723
559,7308,18354,Робототехника и искусственный интеллект,2023,bachelor,15752,Приборостроение,12.03.01,факультет систем управления и робототехники,verified,240,2023-10-05 14:39:53.215539
560,7345,18425,Веб-технологии,2023,master,15745,Программная инженерия,09.04.04,факультет программной инженерии и компьютерной техники,verified,120,2023-10-05 14:40:01.288437
561,7314,18360,Беспроводные технологии,2023,bachelor,15772,Техническая физика,16.03.01,физический факультет,verified,240,2023-10-05 14:40:09.394232
562,7376,18434,"Современные квантовые и 
нанофотонные системы / Advanced Quantum and 
Nanophotonic Systems",2023,master,15774,Техническая физика,16.04.01,физико-технический мегафакультет,verified,120,2023-10-05 14:40:16.286248
563,7306,18352,Биоинженерия,2023,bachelor,15777,"Энерго- и ресурсосберегающие процессы в химической технологии, нефтехимии и биотехнологии",18.03.02,центр химической инженерии,verified,228,2023-10-05 14:40:24.034466
564,7292,18337,Теоретическая и экспериментальная физика,2023,bachelor,15816,Физика,03.03.02,физический факультет,verified,240,2023-10-05 14:40:32.032440
565,7320,18368,Компьютерные технологии в дизайне,2023,bachelor,15817,Профессиональное обучение (по отраслям),44.03.04,факультет программной инженерии и компьютерной техники,verified,240,2023-10-05 14:40:36.942629
566,7383,18422,Инфохимия / Infochemistry,2023,master,15778,Химическая технология,18.04.01,научно-образовательный центр инфохимии,verified,120,2023-10-05 14:40:41.034856
567,7298,18344,Нейротехнологии и программирование,2023,bachelor,15741,Программная инженерия,09.03.04,факультет программной инженерии и компьютерной техники,verified,240,2023-10-05 14:40:50.528394
568,7321,18366,Иностранные языки и информационные технологии,2023,bachelor,15806,Интеллектуальные системы в гуманитарной сфере,45.03.04,институт международного развития и партнерства,verified,241,2023-10-05 14:40:55.619302
569,7295,18341,Компьютерные системы и технологии,2023,bachelor,15738,Информатика и вычислительная техника,09.03.01,факультет программной инженерии и компьютерной техники,verified,240,2023-10-05 14:41:04.784942
570,7315,18361,Инфохимия,2023,bachelor,15776,Химическая технология,18.03.01,научно-образовательный центр инфохимии,verified,237,2023-10-05 14:41:10.779096
571,7342,18419,Технологии разработки компьютерных игр,2023,master,15744,Прикладная информатика,09.04.03,факультет цифровых трансформаций,verified,120,2023-10-05 14:41:17.018537
572,7296,18342,Разработка программного обеспечения,2023,bachelor,15739,Информационные системы и технологии,09.03.02,факультет информационных технологий и программирования,verified,240,2023-10-05 14:41:24.138190
573,7493,22798,Технологии разработки компьютерных игр,2023,bachelor,15748,Инфокоммуникационные технологии и системы связи,11.03.02,школа разработки видеоигр,verified,240,2023-10-05 14:41:34.229472
574,7387,18412,Биоэкономика и управление ресурсами,2023,master,15779,"Энерго- и ресурсосберегающие процессы в химической технологии, нефтехимии и биотехнологии",18.04.02,центр химической инженерии,verified,105,2023-10-05 14:41:40.433625
575,7492,22799,Управление высокотехнологичным бизнесом,2023,master,15798,Инноватика,27.04.05,факультет технологического менеджмента и инноваций,verified,120,2023-10-05 14:41:47.436791
576,7319,18367,Компьютерные технологии в дизайне,2023,bachelor,15741,Программная инженерия,09.03.04,факультет программной инженерии и компьютерной техники,verified,240,2023-10-05 14:41:53.010630
577,7408,18385,Стратегическое управление интеллектуальной собственностью,2023,master,15800,Управление интеллектуальной собственностью,27.04.08,факультет технологического менеджмента и инноваций,verified,120,2023-10-05 14:42:00.027775
578,7406,18389,Цифровые методы в гуманитарных исследованиях,2023,master,15807,Интеллектуальные системы в гуманитарной среде,45.04.04,институт международного развития и партнерства,verified,120,2023-10-05 14:42:07.748788
579,7384,18420,Химический Софт / Chemistry Soft,2023,master,15778,Химическая технология,18.04.01,научно-образовательный центр инфохимии,verified,120,2023-10-05 14:42:11.862382
580,7395,18525,Прикладная геномика,2023,master,15783,Биотехнология,19.04.01,химико-биологический кластер,verified,120,2023-10-05 14:42:19.288842
581,7399,18522,Цифровые системы управления / Digital control systems,2023,master,15797,Управление в технических системах,27.04.04,факультет систем управления и робототехники,verified,120,2023-10-05 14:42:26.506452
582,7368,18446,Экологическая инженерия и экодизайн,2023,master,15769,Технологические машины и оборудование,15.04.02,факультет экотехнологий,verified,120,2023-10-05 14:42:32.912304
583,7397,18401,Системы управления движением и навигация,2023,master,15791,Системы управления движением и навигация,24.04.02,факультет систем управления и робототехники,verified,120,2023-10-05 14:42:40.592242
584,7393,18403,Индустриальная биотехнология,2023,master,15783,Биотехнология,19.04.01,факультет биотехнологий,verified,120,2023-10-05 14:42:45.850957
585,7312,18358,Робототехника и искусственный интеллект,2023,bachelor,15789,Системы управления движением и навигация,24.03.02,факультет систем управления и робототехники,verified,240,2023-10-05 14:42:56.116794
586,7317,18364,Технологии и инновации,2023,bachelor,15793,Инноватика,27.03.05,факультет технологического менеджмента и инноваций,verified,240,2023-10-05 14:43:05.158901
587,7497,27937,Искусственный интеллект и ИТ-стартапы,2023,master,15742,Информатика и вычислительная техника,09.04.01,,in_work,0,2023-10-05 14:43:06.137213
588,7498,28078,Инструменты разработки и анализа программ,2023,master,15745,Программная инженерия,09.04.04,институт прикладных компьютерных наук,verified,120,2023-10-05 14:43:10.791219
589,7499,28077,Распределенные веб-сервисы / Web scale systems,2023,master,15750,Инфокоммуникационные технологии и системы связи,11.04.02,институт прикладных компьютерных наук,verified,120,2023-10-05 14:43:15.354180
590,7500,28097,Прикладная разработка информационных систем,2023,bachelor,15740,Прикладная информатика,09.03.03,факультет инфокоммуникационных технологий,verified,180,2023-10-05 14:43:20.043655
591,7501,28257,Разработчик программного обеспечения,2023,master,15770,Автоматизация технологических процессов и производств,15.04.04,передовая инженерная школа,verified,120,2023-10-05 14:43:25.496851
592,7502,28389,Проектирование и разработка систем искусственного интеллекта,2023,master,15809,Информационные системы и технологии,09.04.02,,on_check,120,2023-10-05 14:43:31.492655
593,7310,18356,Робототехника и искусственный интеллект,2023,bachelor,15767,Автоматизация технологических процессов и производств,15.03.04,факультет систем управления и робототехники,verified,240,2023-10-05 14:43:41.637785
594,7309,18355,Робототехника и искусственный интеллект,2023,bachelor,15764,Электроэнергетика и электротехника,13.03.02,факультет систем управления и робототехники,verified,240,2023-10-05 14:43:52.101821
595,7294,18340,Экотехнологии и устойчивое развитие,2023,bachelor,15811,Экология и природопользование,05.03.06,факультет экотехнологий,verified,237,2023-10-05 14:44:00.702805
