,id_ap,ap_isu_id,title_ap,year,qualification,id_direction,title_direction,number_direction,structural_unit,su_short_name,on_check,laboriousness,loading_datetime
0,6796,10572,Нанофотоника и квантовая оптика,2018,bachelor,15772,Техническая физика,16.03.01,,,in_work,393,2023-10-21 08:41:49.637593
0,6797,10571,Информационные технологии в энергетике,2018,bachelor,15766,Ядерная энергетика и теплофизика,14.03.01,,,in_work,311,2023-10-21 08:41:54.346247
0,6798,14637,Молекулярная биология и биотехнология / Molecular Biology and Biotechnology,2021,master,15783,Биотехнология,19.04.01,,,in_work,227,2023-10-21 08:41:56.068113
0,6799,10574,Низкотемпературная техника и энергетика,2018,bachelor,15773,"Холодильная, криогенная техника и системы жизнеобеспечения",16.03.03,,,in_work,352,2023-10-21 08:42:00.917186
0,6800,10575,Экологический инжиниринг,2018,bachelor,15777,"Энерго- и ресурсосберегающие процессы в химической технологии, нефтехимии и биотехнологии",18.03.02,,,in_work,296,2023-10-21 08:42:05.633962
0,6801,10577,Пищевая биотехнология,2018,bachelor,15780,Биотехнология,19.03.01,,,in_work,311,2023-10-21 08:42:10.504199
0,6802,9863,"Технологии напитков, хлеба и кондитерских изделий",2018,bachelor,15781,Продукты питания из растительного сырья,19.03.02,,,in_work,311,2023-10-21 08:42:15.155909
0,6803,9868,Молекулярное питание и пищевые технологии,2018,bachelor,15782,Продукты питания животного происхождения,19.03.03,,,in_work,311,2023-10-21 08:42:21.188607
0,6804,10565,Прикладная и компьютерная оптика,2018,bachelor,15753,Оптотехника,12.03.02,,,in_work,311,2023-10-21 08:42:26.559520
0,6805,10573,Световая инженерия,2018,bachelor,15772,Техническая физика,16.03.01,,,in_work,311,2023-10-21 08:42:31.510204
0,6806,10566,Физика наноструктур,2018,bachelor,15754,Фотоника и оптоинформатика,12.03.03,,,in_work,311,2023-10-21 08:42:37.531506
0,6807,9874,Квантовые технологии в коммуникациях,2018,bachelor,15754,Фотоника и оптоинформатика,12.03.03,,,in_work,311,2023-10-21 08:42:42.532795
0,6808,10568,Лазерные технологии,2018,bachelor,15756,Лазерная техника и лазерные технологии,12.03.05,,,in_work,311,2023-10-21 08:42:47.464122
0,6809,10569,Лазеры для информационно-коммуникационных систем,2018,bachelor,15756,Лазерная техника и лазерные технологии,12.03.05,,,in_work,311,2023-10-21 08:42:52.418647
0,6810,13378,Научная коммуникация,2020,master,15798,Инноватика,27.04.05,,,in_work,135,2023-10-21 08:42:55.710490
0,6811,13365,Цифровые системы управления,2020,master,15796,Системный анализ и управление,27.04.03,,,in_work,240,2023-10-21 08:42:59.821835
0,6812,10579,Управление технологическими инновациями,2018,bachelor,15793,Инноватика,27.03.05,,,in_work,311,2023-10-21 08:43:04.546456
0,6813,10559,Компьютерные технологии в дизайне,2018,bachelor,15741,Программная инженерия,09.03.04,,,in_work,341,2023-10-21 08:43:07.580683
0,6814,9871,Экономика высокотехнологичной компании,2018,bachelor,15801,Экономика,38.03.01,,,in_work,311,2023-10-21 08:43:12.363539
0,6815,10560,Нейротехнологии и программирование,2018,bachelor,15741,Программная инженерия,09.03.04,,,in_work,311,2023-10-21 08:43:17.004234
0,6816,10561,Технологии защиты информации,2018,bachelor,,,,,,in_work,311,2023-10-21 08:43:22.117256
0,6817,10580,Компьютерная графика и дизайн,2018,bachelor,15805,Профессиональное обучение,44.03.04,,,in_work,335,2023-10-21 08:43:24.933043
0,6818,10555,Информатика и программирование,2018,bachelor,15734,Прикладная математика и информатика,01.03.02,,,in_work,352,2023-10-21 08:43:29.718228
0,6819,9869,Технологии транспортирования углеводородных энергоносителей,2018,bachelor,,,,,,in_work,311,2023-10-21 08:43:34.573908
0,6820,10576,Биоинженерия,2018,bachelor,15780,Биотехнология,19.03.01,,,in_work,311,2023-10-21 08:43:39.236895
0,7503,,Прикладной искусственный интеллект,2023,bachelor,15739,Информационные системы и технологии,09.03.02,,,in_work,0,2023-10-21 08:43:39.818193
0,6822,13397,Биоинженерия,2020,bachelor,15755,Биотехнические системы и технологии,12.03.04,,,in_work,580,2023-10-21 08:43:47.342537
0,6823,13276,Биоинженерия,2020,bachelor,15777,"Энерго- и ресурсосберегающие процессы в химической технологии, нефтехимии и биотехнологии",18.03.02,,,in_work,560,2023-10-21 08:43:53.893306
0,7505,,План Б,2023,bachelor,,,,,,in_work,6,2023-10-21 08:43:54.540624
0,6826,11713,Техническая физика,2019,bachelor,15772,Техническая физика,16.03.01,,,in_work,427,2023-10-21 08:43:59.795010
0,6827,11721,Биоинженерия,2019,bachelor,15777,"Энерго- и ресурсосберегающие процессы в химической технологии, нефтехимии и биотехнологии",18.03.02,,,in_work,424,2023-10-21 08:44:04.803044
0,6828,11715,Оптико-электронные информационно-измерительные приборы и системы,2019,specialist,15762,Электронные и оптико-электронные приборы и системы специального назначения,12.05.01,,,in_work,1083,2023-10-21 08:44:15.496568
0,6829,13312,Цифровые технологии умного города,2020,master,15744,Прикладная информатика,09.04.03,,,in_work,160,2023-10-21 08:44:18.841041
0,6830,10564,Цифровые технологии в приборостроении,2018,bachelor,15752,Приборостроение,12.03.01,,,in_work,306,2023-10-21 08:44:23.451473
0,6831,10570,Цифровой электропривод робототехнических комплексов,2018,bachelor,15764,Электроэнергетика и электротехника,13.03.02,,,in_work,311,2023-10-21 08:44:28.207843
0,6832,10556,Вычислительные системы и сети,2018,bachelor,15738,Информатика и вычислительная техника,09.03.01,,,in_work,333,2023-10-21 08:44:31.135230
0,6833,9859,Цифровое производство,2018,bachelor,15767,Автоматизация технологических процессов и производств,15.03.04,,,in_work,311,2023-10-21 08:44:35.930337
0,6834,10425,Интеллектуальная робототехника,2018,bachelor,15768,Мехатроника и робототехника,15.03.06,,,in_work,311,2023-10-21 08:44:40.554904
0,6835,10558,Системное и прикладное программное обеспечение,2018,bachelor,15741,Программная инженерия,09.03.04,,,in_work,360,2023-10-21 08:44:43.772422
0,6836,10563,Конструирование и технология электронных средств,2018,bachelor,15749,Конструирование и технология электронных средств,11.03.03,,,in_work,311,2023-10-21 08:44:48.360997
0,6837,10426,Управление в технических системах,2018,bachelor,15792,Управление в технических системах,27.03.04,,,in_work,293,2023-10-21 08:44:52.700635
0,6838,10578,Управление движением и навигация,2018,bachelor,15789,Системы управления движением и навигация,24.03.02,,,in_work,311,2023-10-21 08:44:57.117968
0,6839,9837,Мобильные и сетевые технологии,2018,bachelor,15740,Прикладная информатика,09.03.03,,,in_work,311,2023-10-21 08:45:01.644658
0,6840,10562,Инфокоммуникационные системы,2018,bachelor,15748,Инфокоммуникационные технологии и системы связи,11.03.02,,,in_work,393,2023-10-21 08:45:06.915976
0,6841,9872,Иностранные языки и информационные технологии / Humanities and IT,2018,bachelor,15806,Интеллектуальные системы в гуманитарной сфере,45.03.04,,,in_work,311,2023-10-21 08:45:11.491956
0,6842,10557,Программирование и интернет-технологии,2018,bachelor,15739,Информационные системы и технологии,09.03.02,,,in_work,311,2023-10-21 08:45:15.715282
0,6843,10581,Интеллектуальные системы в гуманитарной сфере,2018,bachelor,15806,Интеллектуальные системы в гуманитарной сфере,45.03.04,,,in_work,311,2023-10-21 08:45:20.452153
0,6845,13260,Управление технологическими инновациями,2020,bachelor,15793,Инноватика,27.03.05,,,in_work,525,2023-10-21 08:45:27.003996
0,6846,13268,Бизнес-информатика,2020,bachelor,15802,Бизнес-информатика,38.03.05,,,in_work,537,2023-10-21 08:45:33.258547
0,6847,11726,Бизнес-информатика,2019,bachelor,15802,Бизнес-информатика,38.03.05,,,in_work,376,2023-10-21 08:45:37.883477
0,7504,,(ИУП) Робототехника и искусственный интеллект / Robotics and artificial intelligence,2023,master,,,,,,verified,36,2023-10-21 08:45:38.662230
0,6849,13398,Прикладная и теоретическая физика,2020,bachelor,15772,Техническая физика,16.03.01,,,in_work,574,2023-10-21 08:45:45.195034
0,6852,11707,Фотоника и оптоинформатика,2019,bachelor,15754,Фотоника и оптоинформатика,12.03.03,,,in_work,401,2023-10-21 08:45:50.591254
0,6853,13360,Стандартизация и метрология в высокотехнологичном секторе экономики,2020,master,15794,Стандартизация и метрология,27.04.01,,,in_work,135,2023-10-21 08:45:53.744997
0,6854,11729,Биотехнология,2019,bachelor,15780,Биотехнология,19.03.01,,,in_work,460,2023-10-21 08:45:59.065599
0,6855,11678,Мобильные и сетевые технологии,2019,bachelor,15740,Прикладная информатика,09.03.03,,,in_work,397,2023-10-21 08:46:04.119972
0,6856,11760,Компьютерные технологии в дизайне,2019,bachelor,15741,Программная инженерия,09.03.04,,,in_work,451,2023-10-21 08:46:09.079953
0,6857,11687,Нейротехнологии и программирование,2019,bachelor,15741,Программная инженерия,09.03.04,,,in_work,336,2023-10-21 08:46:13.372668
0,6858,11685,Системное и прикладное программное обеспечение,2019,bachelor,15741,Программная инженерия,09.03.04,,,in_work,391,2023-10-21 08:46:18.010453
0,6860,11701,Цифровые системы управления,2019,bachelor,15789,Системы управления движением и навигация,24.03.02,,,in_work,410,2023-10-21 08:46:22.946981
0,6861,11702,Цифровые системы управления,2019,bachelor,15792,Управление в технических системах,27.03.04,,,in_work,435,2023-10-21 08:46:27.914797
0,6862,11723,Управление технологическими инновациями,2019,bachelor,15793,Инноватика,27.03.05,,,in_work,378,2023-10-21 08:46:33.010998
0,6863,11696,Цифровое производство,2019,bachelor,15767,Автоматизация технологических процессов и производств,15.03.04,,,in_work,318,2023-10-21 08:46:37.121178
0,6864,11692,Технологии защиты информации,2019,bachelor,15749,Конструирование и технология электронных средств,11.03.03,,,in_work,380,2023-10-21 08:46:41.976999
0,6865,11693,Технологии защиты информации,2019,bachelor,15815,Эксплуатация транспортно-технологических машин и комплексов,23.03.03,,,in_work,378,2023-10-21 08:46:46.945109
0,6866,11676,Информатика и программирование,2019,bachelor,15734,Прикладная математика и информатика,01.03.02,,,in_work,367,2023-10-21 08:46:49.943087
0,6867,11699,Цифровые системы управления,2019,bachelor,15764,Электроэнергетика и электротехника,13.03.02,,,in_work,403,2023-10-21 08:46:55.089970
0,6868,13343,Промышленные холодильные системы и тепловые насосы,2020,master,15775,"Холодильная, криогенная техника и системы жизнеобеспечения",16.04.03,,,in_work,135,2023-10-21 08:46:58.282363
0,6869,11698,Робототехника,2019,bachelor,15768,Мехатроника и робототехника,15.03.06,,,in_work,240,2023-10-21 08:47:02.852756
0,6870,11792,Иностранные языки и информационные технологии / Humanities and IT,2019,bachelor,15806,Интеллектуальные системы в гуманитарной сфере,45.03.04,,,in_work,330,2023-10-21 08:47:06.838524
0,6871,11717,Информационные технологии в энергетике,2019,bachelor,15766,Ядерная энергетика и теплофизика,14.03.01,,,in_work,783,2023-10-21 08:47:18.282776
0,6872,14526,Иностранные языки и информационные технологии / Humanities and IT,2021,bachelor,15806,Интеллектуальные системы в гуманитарной сфере,45.03.04,,,in_work,474,2023-10-21 08:47:23.638779
0,6873,11683,Компьютерные системы и технологии,2019,bachelor,15738,Информатика и вычислительная техника,09.03.01,,,in_work,330,2023-10-21 08:47:28.009825
0,6874,14579,Робототехника и искусственный интеллект / Robotics and artificial intelligence,2021,master,15771,Мехатроника и робототехника,15.04.06,,,in_work,237,2023-10-21 08:47:30.053136
0,6875,11677,Программирование и интернет-технологии,2019,bachelor,15739,Информационные системы и технологии,09.03.02,,,in_work,372,2023-10-21 08:47:33.424783
0,6876,14581,Квантовые технологии в индустрии,2021,master,15759,Фотоника и оптоинформатика,12.04.03,,,in_work,124,2023-10-21 08:47:34.725798
0,6877,11679,Интеллектуальные системы в гуманитарной сфере,2019,bachelor,15806,Интеллектуальные системы в гуманитарной сфере,45.03.04,,,in_work,362,2023-10-21 08:47:39.290653
0,6878,11680,Программирование в инфокоммуникационных системах,2019,bachelor,15748,Инфокоммуникационные технологии и системы связи,11.03.02,,,in_work,353,2023-10-21 08:47:43.726866
0,6879,13362,Управление качеством,2020,master,15795,Управление качеством,27.04.02,,,in_work,180,2023-10-21 08:47:47.022031
0,6880,14531,Программирование в инфокоммуникационных системах,2021,bachelor,15748,Инфокоммуникационные технологии и системы связи,11.03.02,,,in_work,551,2023-10-21 08:47:54.118710
0,6881,11689,Компьютерные технологии в дизайне,2019,bachelor,15805,Профессиональное обучение,44.03.04,,,in_work,447,2023-10-21 08:47:59.096205
0,6882,11695,Цифровое производство,2019,bachelor,15752,Приборостроение,12.03.01,,,in_work,318,2023-10-21 08:48:03.515111
0,6883,11690,Технологии защиты информации,2019,bachelor,15814,Информационная безопасность,10.03.01,,,in_work,422,2023-10-21 08:48:08.808556
0,6884,14597,Цифровые геотехнологии,2021,master,15809,Информационные системы и технологии,09.04.02,,,in_work,152,2023-10-21 08:48:10.179000
0,6885,14677,Информационные системы бизнеса / Business information systems,2021,master,15744,Прикладная информатика,09.04.03,,,in_work,191,2023-10-21 08:48:11.824792
0,6886,14603,Мобильные и облачные технологии,2021,master,15744,Прикладная информатика,09.04.03,,,in_work,188,2023-10-21 08:48:13.459918
0,6887,14600,Технологии разработки компьютерных игр,2021,master,15744,Прикладная информатика,09.04.03,,,in_work,154,2023-10-21 08:48:14.990073
0,6888,14557,Электроинженерия,2021,master,15765,Электроэнергетика и электротехника,13.04.02,,,in_work,178,2023-10-21 08:48:16.621372
0,6889,14604,Инфокоммуникации и цифровые медиа / Infocommunications and digital media,2021,master,15750,Инфокоммуникационные технологии и системы связи,11.04.02,,,in_work,319,2023-10-21 08:48:19.076707
0,6890,14598,Финансовые технологии больших данных,2021,master,15750,Инфокоммуникационные технологии и системы связи,11.04.02,,,in_work,175,2023-10-21 08:48:20.737472
0,6891,13352,Биоинженерия и биотехнические системы,2020,master,15760,Биотехнические системы и технологии,12.04.04,,,in_work,192,2023-10-21 08:48:24.455600
0,6892,13278,Биотехнология,2020,bachelor,15780,Биотехнология,19.03.01,,,in_work,696,2023-10-21 08:48:31.689396
0,6893,14524,Биотехнология,2021,bachelor,15780,Биотехнология,19.03.01,,,in_work,693,2023-10-21 08:48:39.301774
0,6894,14543,Технологии защиты информации,2021,bachelor,15749,Конструирование и технология электронных средств,11.03.03,,,in_work,533,2023-10-21 08:48:46.080186
0,6895,14545,Технологии защиты информации,2021,bachelor,15815,Эксплуатация транспортно-технологических машин и комплексов,23.03.03,,,in_work,496,2023-10-21 08:48:52.305421
0,6898,14599,Программирование и интернет-технологии,2021,master,15809,Информационные системы и технологии,09.04.02,,,in_work,178,2023-10-21 08:48:53.901220
0,6899,14538,Индустриальные киберфизические системы,2021,bachelor,15767,Автоматизация технологических процессов и производств,15.03.04,,,in_work,490,2023-10-21 08:49:00.140322
0,6900,14522,Прикладная и теоретическая физика,2021,bachelor,15772,Техническая физика,16.03.01,,,in_work,640,2023-10-21 08:49:07.335610
0,6901,14519,Цифровые системы управления,2021,bachelor,15764,Электроэнергетика и электротехника,13.03.02,,,in_work,587,2023-10-21 08:49:13.898968
0,6902,14523,Цифровые системы управления,2021,bachelor,15789,Системы управления движением и навигация,24.03.02,,,in_work,589,2023-10-21 08:49:20.223757
0,6903,14525,Цифровые системы управления,2021,bachelor,15792,Управление в технических системах,27.03.04,,,in_work,599,2023-10-21 08:49:27.377722
0,6904,14590,Стратегическое управление интеллектуальной собственностью,2021,master,15800,Управление интеллектуальной собственностью,27.04.08,,,in_work,157,2023-10-21 08:49:28.773068
0,6905,14541,Технологии защиты информации,2021,bachelor,15814,Информационная безопасность,10.03.01,,,in_work,619,2023-10-21 08:49:36.287450
0,6906,14544,Инфохимия,2021,bachelor,15776,Химическая технология,18.03.01,,,in_work,485,2023-10-21 08:49:41.954314
0,6907,13354,Химия прикладных материалов / Chemistry of Applied Materials,2020,master,15779,"Энерго- и ресурсосберегающие процессы в химической технологии, нефтехимии и биотехнологии",18.04.02,,,in_work,150,2023-10-21 08:49:45.336117
0,6908,13281,Цифровые системы управления,2020,bachelor,15789,Системы управления движением и навигация,24.03.02,,,in_work,582,2023-10-21 08:49:51.610718
0,6909,13283,Технологии защиты информации,2020,bachelor,15815,Эксплуатация транспортно-технологических машин и комплексов,23.03.03,,,in_work,512,2023-10-21 08:49:58.164367
0,6910,13259,Цифровое производство,2020,bachelor,15752,Приборостроение,12.03.01,,,in_work,473,2023-10-21 08:50:04.060677
0,6911,13257,Информатика и программирование,2020,bachelor,15734,Прикладная математика и информатика,01.03.02,,,in_work,486,2023-10-21 08:50:11.266541
0,6912,13262,Компьютерные системы и технологии,2020,bachelor,15738,Информатика и вычислительная техника,09.03.01,,,in_work,526,2023-10-21 08:50:17.283041
0,6913,13258,Цифровое производство,2020,bachelor,15767,Автоматизация технологических процессов и производств,15.03.04,,,in_work,492,2023-10-21 08:50:23.267515
0,6914,13274,Цифровые системы управления,2020,bachelor,15764,Электроэнергетика и электротехника,13.03.02,,,in_work,586,2023-10-21 08:50:29.723161
0,6915,12977,Компьютерные системы и технологии,2019,bachelor,15738,Информатика и вычислительная техника,09.03.01,,,in_work,240,2023-10-21 08:50:31.455403
0,6916,12997,Цифровые системы управления,2019,bachelor,15792,Управление в технических системах,27.03.04,,,in_work,240,2023-10-21 08:50:33.093959
0,6917,14585,Инновационное предпринимательство / Innovation Entrepreneurship,2021,master,15798,Инноватика,27.04.05,,,in_work,456,2023-10-21 08:50:37.088077
0,6918,13265,Цифровые системы управления,2020,bachelor,15792,Управление в технических системах,27.03.04,,,in_work,554,2023-10-21 08:50:43.504682
0,6919,13263,Робототехника,2020,bachelor,15768,Мехатроника и робототехника,15.03.06,,,in_work,592,2023-10-21 08:50:50.363658
0,6921,14536,Индустриальные киберфизические системы,2021,bachelor,15752,Приборостроение,12.03.01,,,in_work,477,2023-10-21 08:50:56.353395
0,6922,13350,Биоэкономика и управление ресурсами,2020,master,15779,"Энерго- и ресурсосберегающие процессы в химической технологии, нефтехимии и биотехнологии",18.04.02,,,in_work,165,2023-10-21 08:50:59.656499
0,6923,13364,Молекулярная биология и биотехнология / Molecular Biology and Biotechnology,2020,master,15783,Биотехнология,19.04.01,,,in_work,165,2023-10-21 08:51:02.925009
0,6924,13372,Инфохимия / Infochemistry,2020,master,15783,Биотехнология,19.04.01,,,in_work,135,2023-10-21 08:51:06.221788
0,6925,13300,Технологии защиты информации,2020,bachelor,15749,Конструирование и технология электронных средств,11.03.03,,,in_work,549,2023-10-21 08:51:18.398648
0,6926,13299,Программирование в инфокоммуникационных системах,2020,bachelor,15748,Инфокоммуникационные технологии и системы связи,11.03.02,,,in_work,515,2023-10-21 08:51:25.084274
0,6927,13264,Фотоника и оптоинформатика,2020,bachelor,15754,Фотоника и оптоинформатика,12.03.03,,,in_work,621,2023-10-21 08:51:33.802051
0,6930,13309,Технологии разработки компьютерных игр,2020,master,15744,Прикладная информатика,09.04.03,,,in_work,135,2023-10-21 08:51:36.961894
0,6931,13369,Пищевая биотехнология,2020,master,15783,Биотехнология,19.04.01,,,in_work,150,2023-10-21 08:51:40.167994
0,6844,17730,Оптико-электронные информационно-измерительные приборы и системы,2018,specialist,15762,Электронные и оптико-электронные приборы и системы специального назначения,12.05.01,,,in_work,401,2023-10-21 08:51:43.823613
0,6932,13313,Финансовые технологии больших данных,2020,master,15750,Инфокоммуникационные технологии и системы связи,11.04.02,,,in_work,150,2023-10-21 08:51:47.172049
0,6933,13324,Программное обеспечение интеллектуальных систем и технологий,2020,master,15742,Информатика и вычислительная техника,09.04.01,,,in_work,138,2023-10-21 08:51:50.372222
0,6934,13308,Мобильные и сетевые технологии,2020,master,15744,Прикладная информатика,09.04.03,,,in_work,150,2023-10-21 08:51:53.685393
0,6935,13346,Радиочастотные системы и устройства,2020,master,15774,Техническая физика,16.04.01,,,in_work,135,2023-10-21 08:51:56.769640
0,6936,13319,"Мультимедиа-технологии, дизайн и юзабилити",2020,master,15745,Программная инженерия,09.04.04,,,in_work,149,2023-10-21 08:52:00.063314
0,6937,13335,Интеллектуальные технологии в телекоммуникациях,2020,master,15750,Инфокоммуникационные технологии и системы связи,11.04.02,,,in_work,240,2023-10-21 08:52:03.774758
0,6938,13338,Квантовые коммуникации и фемтотехнологии,2020,master,15759,Фотоника и оптоинформатика,12.04.03,,,in_work,174,2023-10-21 08:52:07.138496
0,6939,13358,Электроинженерия,2020,master,15765,Электроэнергетика и электротехника,13.04.02,,,in_work,135,2023-10-21 08:52:10.383390
0,6940,13304,Программирование и искусственный интеллект,2020,master,15735,Прикладная математика и информатика,01.04.02,,,in_work,135,2023-10-21 08:52:13.728220
0,6941,13320,Нейротехнологии и программная инженерия,2020,master,15745,Программная инженерия,09.04.04,,,in_work,136,2023-10-21 08:52:16.763338
0,6942,13347,Физика и технология наноструктур,2020,master,15759,Фотоника и оптоинформатика,12.04.03,,,in_work,154,2023-10-21 08:52:20.116844
0,6943,13303,Математическое и компьютерное моделирование,2020,master,15735,Прикладная математика и информатика,01.04.02,,,in_work,135,2023-10-21 08:52:23.172074
0,6944,13331,Речевые информационные системы,2020,master,15809,Информационные системы и технологии,09.04.02,,,in_work,136,2023-10-21 08:52:28.505718
0,6945,13332,Материалы фотоники,2020,master,15774,Техническая физика,16.04.01,,,in_work,201,2023-10-21 08:52:32.419341
0,6946,13317,Проектирование киберфизических систем защиты информации,2020,master,15751,Конструирование и технология электронных средств,11.04.03,,,in_work,135,2023-10-21 08:52:35.464663
0,6947,13330,Оптико-цифровые системы,2020,master,15758,Оптотехника,12.04.02,,,in_work,135,2023-10-21 08:52:38.474716
0,6948,13328,Программирование и интернет-технологии,2020,master,15809,Информационные системы и технологии,09.04.02,,,in_work,135,2023-10-21 08:52:41.535539
0,6949,13363,Светодиодные технологии и оптоэлектроника,2020,master,15774,Техническая физика,16.04.01,,,in_work,144,2023-10-21 08:52:44.976542
0,6950,13329,Технологии промышленного программирования,2020,master,15745,Программная инженерия,09.04.04,,,in_work,139,2023-10-21 08:52:47.944526
0,6951,13266,Программирование и интернет-технологии,2020,bachelor,15739,Информационные системы и технологии,09.03.02,,,in_work,527,2023-10-21 08:52:53.386418
0,6952,13323,Программное обеспечение радиоэлектронных систем,2020,master,15745,Программная инженерия,09.04.04,,,in_work,135,2023-10-21 08:52:56.436426
0,6953,13302,Большие данные и машинное обучение,2020,master,15735,Прикладная математика и информатика,01.04.02,,,in_work,180,2023-10-21 08:52:59.795263
0,6954,13339,Проектирование тепломассообменного оборудования и систем жизнеобеспечения,2020,master,15775,"Холодильная, криогенная техника и системы жизнеобеспечения",16.04.03,,,in_work,135,2023-10-21 08:53:02.926536
0,6955,13348,Функциональная безопасность беспилотных транспортных средств,2020,master,15788,Эксплуатация транспортно-технологических машин и комплексов,23.04.03,,,in_work,135,2023-10-21 08:53:06.033226
0,6956,13326,Системное и прикладное программное обеспечение,2020,master,15745,Программная инженерия,09.04.04,,,in_work,196,2023-10-21 08:53:09.263528
0,6957,13349,Техника и технологии сжиженного природного газа,2020,master,15775,"Холодильная, криогенная техника и системы жизнеобеспечения",16.04.03,,,in_work,165,2023-10-21 08:53:12.529704
0,6958,13322,Системы и технологии цифрового производства,2020,master,15757,Приборостроение,12.04.01,,,in_work,204,2023-10-21 08:53:16.045659
0,6959,13336,Прикладная оптика,2020,master,15758,Оптотехника,12.04.02,,,in_work,225,2023-10-21 08:53:19.852295
0,6960,13357,"Биотехнология напитков, хлеба и кондитерских изделий",2020,master,15783,Биотехнология,19.04.01,,,in_work,150,2023-10-21 08:53:23.203516
0,6961,13316,Компьютерные системы и технологии,2020,master,15742,Информатика и вычислительная техника,09.04.01,,,in_work,192,2023-10-21 08:53:26.412214
0,6962,13318,Индустриальные киберфизические системы,2020,master,15770,Автоматизация технологических процессов и производств,15.04.04,,,in_work,162,2023-10-21 08:53:29.923835
0,6963,13334,Цифровые геотехнологии,2020,master,15809,Информационные системы и технологии,09.04.02,,,in_work,135,2023-10-21 08:53:32.917471
0,6964,13366,Низкотемпературная и глубокая обработка биологических систем,2020,master,15783,Биотехнология,19.04.01,,,in_work,129,2023-10-21 08:53:36.005255
0,6965,13355,Лазерные технологии,2020,master,15761,Лазерная техника и лазерные технологии,12.04.05,,,in_work,156,2023-10-21 08:53:39.279053
0,6966,13368,Физика полупроводников,2020,master,15774,Техническая физика,16.04.01,,,in_work,135,2023-10-21 08:53:42.453157
0,6967,13353,Системы управления движением и навигация,2020,master,15791,Системы управления движением и навигация,24.04.02,,,in_work,156,2023-10-21 08:53:45.898601
0,6968,13314,Автоматизация технологических процессов и производств пищевой промышленности,2020,master,15770,Автоматизация технологических процессов и производств,15.04.04,,,in_work,135,2023-10-21 08:53:48.820682
0,6969,13333,Информационная безопасность,2020,master,15747,Информационная безопасность,10.04.01,,,in_work,300,2023-10-21 08:53:52.634393
0,6970,13306,Разработка программного обеспечения / Software Engineering,2020,master,15735,Прикладная математика и информатика,01.04.02,,,in_work,132,2023-10-21 08:53:56.185595
0,6971,13342,Квантовые и гибридные материалы,2020,master,15759,Фотоника и оптоинформатика,12.04.03,,,in_work,135,2023-10-21 08:53:59.496103
0,6972,13270,Мобильные и сетевые технологии,2020,bachelor,15740,Прикладная информатика,09.03.03,,,in_work,490,2023-10-21 08:54:05.651090
0,6973,14671,ФудТех / Foodtech,2021,master,15783,Биотехнология,19.04.01,,,in_work,247,2023-10-21 08:54:08.125238
0,6974,14639,Инфохимия / Infochemistry,2021,master,15778,Химическая технология,18.04.01,,,in_work,144,2023-10-21 08:54:09.305631
0,6975,13359,Световодная фотоника и программируемая электроника,2020,master,15774,Техническая физика,16.04.01,,,in_work,159,2023-10-21 08:54:12.652235
0,6976,13377,Инновационная экономика и отраслевое регулирование,2020,master,15803,Экономика,38.04.01,,,in_work,135,2023-10-21 08:54:15.900696
0,6977,13371,Инновационное предпринимательство,2020,master,15798,Инноватика,27.04.05,,,in_work,267,2023-10-21 08:54:21.070664
0,6981,13344,Информационные системы для экологической и техносферной безопасности,2020,master,15786,Техносферная безопасность,20.04.01,,,in_work,135,2023-10-21 08:54:24.387520
0,6982,13311,Городское планирование и городской дизайн,2020,master,15810,Градостроительство,07.04.04,,,in_work,140,2023-10-21 08:54:27.775012
0,6983,13382,"Анализ культурных данных и визуализация/ Data, Culture and Visualization",2020,master,15807,Интеллектуальные системы в гуманитарной среде,45.04.04,,,in_work,137,2023-10-21 08:54:30.782037
0,6984,13321,Робототехника,2020,master,15771,Мехатроника и робототехника,15.04.06,,,in_work,264,2023-10-21 08:54:34.554267
0,6985,13379,Цифровая трансформация организаций,2020,master,15804,Бизнес-информатика,38.04.05,,,in_work,166,2023-10-21 08:54:38.041002
0,6986,13282,Нейротехнологии и программирование,2020,bachelor,15741,Программная инженерия,09.03.04,,,in_work,539,2023-10-21 08:54:44.347465
0,6987,13297,Системное и прикладное программное обеспечение,2020,bachelor,15741,Программная инженерия,09.03.04,,,in_work,511,2023-10-21 08:54:50.850575
0,6988,13381,Урбанистика,2020,master,15799,Наукоемкие технологии и экономика инноваций,27.04.07,,,in_work,160,2023-10-21 08:54:54.250096
0,6989,13361,Биотехнология продуктов функционального назначения,2020,master,15783,Биотехнология,19.04.01,,,in_work,154,2023-10-21 08:54:57.457339
0,6990,13307,Информационные системы бизнеса,2020,master,15744,Прикладная информатика,09.04.03,,,in_work,168,2023-10-21 08:55:01.990642
0,6991,13383,Световой дизайн,2020,master,15799,Наукоемкие технологии и экономика инноваций,27.04.07,,,in_work,138,2023-10-21 08:55:05.015535
0,6992,13337,Качество и безопасность пищевых продуктов,2020,master,15784,Продукты питания из растительного сырья,19.04.02,,,in_work,150,2023-10-21 08:55:08.441457
0,6993,13370,Искусство и наука / Art & Science,2020,master,15798,Инноватика,27.04.05,,,in_work,135,2023-10-21 08:55:11.564351
0,6994,13376,Инвестиции в технологическом секторе,2020,master,15798,Инноватика,27.04.05,,,in_work,135,2023-10-21 08:55:14.652975
0,6995,13301,Биоинформатика и системная биология,2020,master,15735,Прикладная математика и информатика,01.04.02,,,in_work,135,2023-10-21 08:55:17.593869
0,6996,13374,Наука и технологии в обществе,2020,master,15798,Инноватика,27.04.05,,,in_work,135,2023-10-21 08:55:20.849769
0,6997,13305,Процессы и аппараты пищевых производств,2020,master,15769,Технологические машины и оборудование,15.04.02,,,in_work,138,2023-10-21 08:55:23.902837
0,6998,13310,Аналитика данных,2020,master,15736,Математическое обеспечение и администрирование информационных систем,02.04.03,,,in_work,141,2023-10-21 08:55:27.031720
0,6999,13373,Инновационный маркетинг,2020,master,15798,Инноватика,27.04.05,,,in_work,162,2023-10-21 08:55:30.283949
0,7000,13375,Управление интеллектуальной собственностью,2020,master,15800,Управление интеллектуальной собственностью,27.04.08,,,in_work,135,2023-10-21 08:55:33.407420
0,7001,13380,Цифровая трансформация организаций,2020,master,15798,Инноватика,27.04.05,,,in_work,166,2023-10-21 08:55:36.738147
0,7002,13340,Продукты питания на белковой основе,2020,master,15785,Продукты питания животного происхождения,19.04.03,,,in_work,150,2023-10-21 08:55:39.915818
0,7003,13325,Информационные технологии в теплофизике,2020,master,15775,"Холодильная, криогенная техника и системы жизнеобеспечения",16.04.03,,,in_work,135,2023-10-21 08:55:43.117125
0,7004,13315,Веб-технологии,2020,master,15745,Программная инженерия,09.04.04,,,in_work,138,2023-10-21 08:55:46.061923
0,7005,13341,Нанофотоника и метаматериалы,2020,master,15774,Техническая физика,16.04.01,,,in_work,135,2023-10-21 08:55:49.260331
0,7006,13345,Твердотельные системы охлаждения,2020,master,15775,"Холодильная, криогенная техника и системы жизнеобеспечения",16.04.03,,,in_work,156,2023-10-21 08:55:52.415812
0,7008,14564,"Мультимедиа-технологии, дизайн и юзабилити",2021,master,15745,Программная инженерия,09.04.04,,,in_work,199,2023-10-21 08:55:54.585435
0,7009,13280,Компьютерные технологии в дизайне,2020,bachelor,15741,Программная инженерия,09.03.04,,,in_work,595,2023-10-21 08:56:01.072848
0,7010,13277,Иностранные языки и информационные технологии / Humanities and IT,2020,bachelor,15806,Интеллектуальные системы в гуманитарной сфере,45.03.04,,,in_work,452,2023-10-21 08:56:06.644305
0,7011,14558,Инновационный маркетинг,2021,master,15798,Инноватика,27.04.05,,,in_work,242,2023-10-21 08:56:09.618371
0,7012,14591,"Технонаука, инновации, экономика",2021,master,15803,Экономика,38.04.01,,,in_work,188,2023-10-21 08:56:11.203900
0,7013,14589,Корпоративные финансы и венчурные инвестиции,2021,master,15798,Инноватика,27.04.05,,,in_work,147,2023-10-21 08:56:12.761838
0,7014,14583,Управление качеством,2021,master,15795,Управление качеством,27.04.02,,,in_work,223,2023-10-21 08:56:14.470737
0,7015,13351,Промышленная экология и чистое производство,2020,master,15779,"Энерго- и ресурсосберегающие процессы в химической технологии, нефтехимии и биотехнологии",18.04.02,,,in_work,211,2023-10-21 08:56:18.284676
0,7016,13272,Компьютерные технологии в дизайне,2020,bachelor,15805,Профессиональное обучение,44.03.04,,,in_work,606,2023-10-21 08:56:24.556759
0,7017,13327,Системы и технологии цифрового производства,2020,master,15790,Ракетные комплексы и космонавтика,24.04.01,,,in_work,204,2023-10-21 08:56:28.170524
0,7018,13275,Интеллектуальные системы в гуманитарной сфере,2020,bachelor,15806,Интеллектуальные системы в гуманитарной сфере,45.03.04,,,in_work,462,2023-10-21 08:56:33.760494
0,7019,14534,Робототехника и искусственный интеллект,2021,bachelor,15768,Мехатроника и робототехника,15.03.06,,,in_work,613,2023-10-21 08:56:40.684867
0,7020,15317,Материалы фотоники,2020,master,15774,Техническая физика,16.04.01,,,in_work,210,2023-10-21 08:56:44.288767
0,7021,13857,Компьютерные системы и технологии,2020,master,15742,Информатика и вычислительная техника,09.04.01,,,in_work,120,2023-10-21 08:56:47.321653
0,7022,13859,Цифровые системы управления,2020,master,15797,Управление в технических системах,27.04.04,,,in_work,62,2023-10-21 08:56:50.201898
0,7023,13860,Компьютерные системы и технологии,2020,bachelor,15738,Информатика и вычислительная техника,09.03.01,,,in_work,377,2023-10-21 08:56:53.275869
0,7024,14518,Управление технологическими инновациями,2021,bachelor,15793,Инноватика,27.03.05,,,in_work,552,2023-10-21 08:56:59.761461
0,7025,13298,Технологии защиты информации,2020,bachelor,15814,Информационная безопасность,10.03.01,,,in_work,612,2023-10-21 08:57:06.783205
0,7026,14562,Технологии интернета вещей,2021,master,15745,Программная инженерия,09.04.04,,,in_work,153,2023-10-21 08:57:08.234504
0,7027,14670,Агробиотехнология,2021,master,15783,Биотехнология,19.04.01,,,in_work,146,2023-10-21 08:57:09.554648
0,7028,14680,Процессы и аппараты пищевых производств,2021,master,15769,Технологические машины и оборудование,15.04.02,,,in_work,138,2023-10-21 08:57:10.773760
0,7031,14517,Бизнес-информатика,2021,bachelor,15802,Бизнес-информатика,38.03.05,,,in_work,561,2023-10-21 08:57:17.483620
0,7032,13861,Цифровые системы управления,2020,bachelor,15792,Управление в технических системах,27.03.04,,,in_work,378,2023-10-21 08:57:20.650080
0,7036,14672,ФудТех / Foodtech,2021,master,15784,Продукты питания из растительного сырья,19.04.02,,,in_work,237,2023-10-21 08:57:22.592528
0,7037,14673,ФудТех / Foodtech,2021,master,15785,Продукты питания животного происхождения,19.04.03,,,in_work,230,2023-10-21 08:57:24.392799
0,7038,13356,Системы управления движением и навигация,2020,master,15796,Системный анализ и управление,27.04.03,,,in_work,156,2023-10-21 08:57:27.570385
0,7039,13367,Цифровые системы управления,2020,master,15797,Управление в технических системах,27.04.04,,,in_work,240,2023-10-21 08:57:31.391045
0,7040,14297,Иностранные языки и информационные технологии,2020,bachelor,15806,Интеллектуальные системы в гуманитарной сфере,45.03.04,,,in_work,448,2023-10-21 08:57:35.376276
0,7041,15297,ФудТех / Foodtech,2021,master,15769,Технологические машины и оборудование,15.04.02,,,in_work,228,2023-10-21 08:57:37.098363
0,7042,14898,Световодная фотоника и программируемая электроника / Light Guide Photonics and Programmable Electronics,2021,master,15761,Лазерная техника и лазерные технологии,12.04.05,,,in_work,202,2023-10-21 08:57:38.962368
0,7043,14571,Компьютерные системы и технологии,2021,master,15742,Информатика и вычислительная техника,09.04.01,,,in_work,220,2023-10-21 08:57:40.789458
0,7044,14679,Аналитика данных,2021,master,15735,Прикладная математика и информатика,01.04.02,,,in_work,147,2023-10-21 08:57:42.259205
0,7045,14601,Аналитика данных,2021,master,15736,Математическое обеспечение и администрирование информационных систем,02.04.03,,,in_work,144,2023-10-21 08:57:43.698265
0,7046,14641,Программирование и искусственный интеллект,2021,master,15735,Прикладная математика и информатика,01.04.02,,,in_work,165,2023-10-21 08:57:45.206886
0,7047,14592,Умный город и урбанистика,2021,master,15810,Градостроительство,07.04.04,,,in_work,305,2023-10-21 08:57:47.330337
0,7048,14595,Умный город и урбанистика,2021,master,15744,Прикладная информатика,09.04.03,,,in_work,312,2023-10-21 08:57:49.794599
0,7049,14594,Умный город и урбанистика,2021,master,15799,Наукоемкие технологии и экономика инноваций,27.04.07,,,in_work,324,2023-10-21 08:57:52.450844
0,7050,14602,Программное обеспечение интеллектуальных систем и технологий,2021,master,15742,Информатика и вычислительная техника,09.04.01,,,in_work,138,2023-10-21 08:57:53.636842
0,7051,14660,Системы управления движением и навигация / Motion control and navigation,2021,master,15791,Системы управления движением и навигация,24.04.02,,,in_work,167,2023-10-21 08:57:55.410153
0,7052,14559,Информационная безопасность / Information security,2021,master,15747,Информационная безопасность,10.04.01,,,in_work,344,2023-10-21 08:57:58.386508
0,7053,14644,"Анализ культурных данных и визуализация/ Data, Culture and Visualization",2021,master,15807,Интеллектуальные системы в гуманитарной среде,45.04.04,,,in_work,167,2023-10-21 08:57:59.915421
0,7054,14569,Веб-технологии,2021,master,15745,Программная инженерия,09.04.04,,,in_work,157,2023-10-21 08:58:01.169594
0,7055,14566,Программное обеспечение радиоэлектронных систем,2021,master,15745,Программная инженерия,09.04.04,,,in_work,135,2023-10-21 08:58:02.368869
0,7056,14570,Перспективные системы передачи данных / Advanced Data Transfer Systems,2021,master,15774,Техническая физика,16.04.01,,,in_work,213,2023-10-21 08:58:04.056510
0,7057,14574,Квантовые коммуникации и фемтотехнологии / Quantum communications and femtotechnologies,2021,master,15759,Фотоника и оптоинформатика,12.04.03,,,in_work,226,2023-10-21 08:58:06.153918
0,7058,14568,Системное и прикладное программное обеспечение,2021,master,15745,Программная инженерия,09.04.04,,,in_work,223,2023-10-21 08:58:07.640663
0,7059,14681,Стратегии и технологии цифровой трансформации,2021,master,15809,Информационные системы и технологии,09.04.02,,,in_work,233,2023-10-21 08:58:09.641424
0,7060,14546,Компьютерные технологии в дизайне,2021,bachelor,15741,Программная инженерия,09.03.04,,,in_work,626,2023-10-21 08:58:16.898923
0,7061,14563,Техническая физика / Physics and engineering,2021,master,15759,Фотоника и оптоинформатика,12.04.03,,,in_work,207,2023-10-21 08:58:18.971760
0,7062,14552,Нейротехнологии и программирование,2021,bachelor,15741,Программная инженерия,09.03.04,,,in_work,549,2023-10-21 08:58:26.179521
0,7063,14553,Системное и прикладное программное обеспечение,2021,bachelor,15741,Программная инженерия,09.03.04,,,in_work,570,2023-10-21 08:58:33.104632
0,7064,14532,Биоинженерия,2021,bachelor,15755,Биотехнические системы и технологии,12.03.04,,,in_work,623,2023-10-21 08:58:40.024844
0,7067,14596,Большие данные и машинное обучение / Big data and machine learning,2021,master,15735,Прикладная математика и информатика,01.04.02,,,in_work,211,2023-10-21 08:58:41.882540
0,7068,14638,Химия прикладных материалов / Chemistry of Applied Materials,2021,master,15779,"Энерго- и ресурсосберегающие процессы в химической технологии, нефтехимии и биотехнологии",18.04.02,,,in_work,184,2023-10-21 08:58:43.447131
0,7069,14580,Речевые информационные системы,2021,master,15809,Информационные системы и технологии,09.04.02,,,in_work,178,2023-10-21 08:58:45.180912
0,7070,14605,Биоэкономика и управление ресурсами,2021,master,15779,"Энерго- и ресурсосберегающие процессы в химической технологии, нефтехимии и биотехнологии",18.04.02,,,in_work,206,2023-10-21 08:58:47.401103
0,7073,14548,Информатика и программирование,2021,bachelor,15734,Прикладная математика и информатика,01.03.02,,,in_work,474,2023-10-21 08:58:54.460423
0,7074,14549,Компьютерные системы и технологии,2021,bachelor,15738,Информатика и вычислительная техника,09.03.01,,,in_work,528,2023-10-21 08:59:01.081079
0,7075,14527,Фотоника и оптоинформатика,2021,bachelor,15754,Фотоника и оптоинформатика,12.03.03,,,in_work,696,2023-10-21 08:59:10.219739
0,7076,14678,Прикладная геномика / Applied genomics,2021,master,15783,Биотехнология,19.04.01,,,in_work,153,2023-10-21 08:59:11.401310
0,7079,14573,Физика и технология наноструктур / Physics and technology of nanostructures,2021,master,15759,Фотоника и оптоинформатика,12.04.03,,,in_work,150,2023-10-21 08:59:12.777250
0,7080,14565,Нейротехнологии и программная инженерия,2021,master,15745,Программная инженерия,09.04.04,,,in_work,170,2023-10-21 08:59:14.766428
0,7081,14584,Биоинженерия и биотехнические системы / Bioengineering and biotechnical systems,2021,master,15760,Биотехнические системы и технологии,12.04.04,,,in_work,264,2023-10-21 08:59:17.259561
0,7082,14577,Цифровые системы управления / Digital control systems,2021,master,15797,Управление в технических системах,27.04.04,,,in_work,198,2023-10-21 08:59:19.078588
0,7083,14550,Программирование и интернет-технологии,2021,bachelor,15739,Информационные системы и технологии,09.03.02,,,in_work,558,2023-10-21 08:59:24.722359
0,7084,14547,Компьютерные технологии в дизайне,2021,bachelor,15805,Профессиональное обучение,44.03.04,,,in_work,589,2023-10-21 08:59:31.419640
0,7085,14897,Стратегии и технологии цифровой трансформации,2021,master,15758,Оптотехника,12.04.02,,,in_work,232,2023-10-21 08:59:33.191145
0,7086,14528,Мобильные и сетевые технологии,2021,bachelor,15740,Прикладная информатика,09.03.03,,,in_work,499,2023-10-21 08:59:39.015242
0,7087,14593,Световой дизайн / Lighting design,2021,master,15799,Наукоемкие технологии и экономика инноваций,27.04.07,,,in_work,184,2023-10-21 08:59:40.619683
0,7088,14560,Функциональная безопасность беспилотных транспортных средств,2021,master,15751,Конструирование и технология электронных средств,11.04.03,,,in_work,189,2023-10-21 08:59:42.395364
0,7090,14535,Биоинженерия,2021,bachelor,15777,"Энерго- и ресурсосберегающие процессы в химической технологии, нефтехимии и биотехнологии",18.03.02,,,in_work,587,2023-10-21 08:59:49.134941
0,7091,14582,Квантовые технологии в индустрии,2021,master,15774,Техническая физика,16.04.01,,,in_work,138,2023-10-21 08:59:50.504704
0,7092,14561,Функциональная безопасность беспилотных транспортных средств,2021,master,15788,Эксплуатация транспортно-технологических машин и комплексов,23.04.03,,,in_work,189,2023-10-21 08:59:51.978846
0,7093,14587,Стратегии и технологии цифровой трансформации,2021,master,15798,Инноватика,27.04.05,,,in_work,253,2023-10-21 08:59:54.537001
0,7094,14588,Стратегии и технологии цифровой трансформации,2021,master,15804,Бизнес-информатика,38.04.05,,,in_work,254,2023-10-21 08:59:56.813153
0,7095,15237,Световодная фотоника и программируемая электроника / Light Guide Photonics and Programmable Electronics,2021,master,15774,Техническая физика,16.04.01,,,in_work,206,2023-10-21 08:59:58.892725
0,7097,14657,Индустриальные киберфизические системы,2021,master,15757,Приборостроение,12.04.01,,,in_work,227,2023-10-21 09:00:00.799705
0,7098,14642,Научная коммуникация,2021,master,15798,Инноватика,27.04.05,,,in_work,203,2023-10-21 09:00:02.922528
0,7099,14533,Интеллектуальные системы в гуманитарной сфере,2021,bachelor,15806,Интеллектуальные системы в гуманитарной сфере,45.03.04,,,in_work,541,2023-10-21 09:00:09.006246
0,7100,14567,Техническая физика / Physics and engineering,2021,master,15774,Техническая физика,16.04.01,,,in_work,211,2023-10-21 09:00:11.054805
0,7101,14658,Индустриальные киберфизические системы,2021,master,15770,Автоматизация технологических процессов и производств,15.04.04,,,in_work,230,2023-10-21 09:00:12.917199
0,7102,14659,Индустриальные киберфизические системы,2021,master,15790,Ракетные комплексы и космонавтика,24.04.01,,,in_work,216,2023-10-21 09:00:14.671406
0,7105,14640,Искусство и наука / Art & Science,2021,master,15798,Инноватика,27.04.05,,,in_work,171,2023-10-21 09:00:16.344012
0,7106,15517,Цифровые системы управления / Digital control systems,2021,master,15797,Управление в технических системах,27.04.04,,,in_work,120,2023-10-21 09:00:17.931267
0,7107,14572,Компьютерные системы и технологии,2021,master,15742,Информатика и вычислительная техника,09.04.01,,,in_work,120,2023-10-21 09:00:18.890649
0,7108,14551,Компьютерные системы и технологии,2021,bachelor,15738,Информатика и вычислительная техника,09.03.01,,,in_work,371,2023-10-21 09:00:21.627062
0,7109,14529,Цифровые системы управления,2021,bachelor,15792,Управление в технических системах,27.03.04,,,in_work,372,2023-10-21 09:00:24.471994
0,7110,15837,Большие данные и машинное обучение / Big data and machine learning,2022,master,15735,Прикладная математика и информатика,01.04.02,,,in_work,368,2023-10-21 09:00:28.621993
0,7111,15838,Программирование и искусственный интеллект,2022,master,15735,Прикладная математика и информатика,01.04.02,,,in_work,407,2023-10-21 09:00:33.855104
0,7112,15839,Биоинформатика и системная биология / Bioinformatics and systems biology,2022,master,15735,Прикладная математика и информатика,01.04.02,,,in_work,338,2023-10-21 09:00:37.813803
0,7113,15840,Разработка программного обеспечения / Software Engineering,2022,master,15735,Прикладная математика и информатика,01.04.02,,,in_work,411,2023-10-21 09:00:42.323697
0,7114,16077,Глубокое обучение и генеративный искусственный интеллект,2022,master,15735,Прикладная математика и информатика,01.04.02,,,in_work,362,2023-10-21 09:00:47.804157
0,7115,15841,Математическое и компьютерное моделирование,2022,master,15735,Прикладная математика и информатика,01.04.02,,,in_work,410,2023-10-21 09:00:53.595688
0,7116,15842,Математическое и компьютерное моделирование,2022,master,15796,Системный анализ и управление,27.04.03,,,in_work,407,2023-10-21 09:00:59.463987
0,7117,15882,Аналитика данных,2022,master,15736,Математическое обеспечение и администрирование информационных систем,02.04.03,,,in_work,458,2023-10-21 09:01:05.669972
0,7118,16079,Прикладная геномика / Applied genomics,2022,master,15783,Биотехнология,19.04.01,,,in_work,524,2023-10-21 09:01:13.131858
0,7119,16086,Цифровая урбанистика,2022,master,15799,Наукоемкие технологии и экономика инноваций,27.04.07,,,in_work,674,2023-10-21 09:01:20.217166
0,7120,15844,Компьютерные системы и технологии,2022,master,15742,Информатика и вычислительная техника,09.04.01,,,in_work,413,2023-10-21 09:01:25.874113
0,7121,15846,Программирование и интернет-технологии,2022,master,15809,Информационные системы и технологии,09.04.02,,,in_work,437,2023-10-21 09:01:31.980378
0,7122,16080,Искусственный интеллект в промышленности,2022,master,15809,Информационные системы и технологии,09.04.02,,,in_work,446,2023-10-21 09:01:38.258271
0,7123,16081,Финансовые технологии больших данных,2022,master,15750,Инфокоммуникационные технологии и системы связи,11.04.02,,,in_work,413,2023-10-21 09:01:43.453751
0,7124,16082,Речевые технологии и машинное обучение,2022,master,15809,Информационные системы и технологии,09.04.02,,,in_work,362,2023-10-21 09:01:48.441258
0,7125,15848,Технологии разработки компьютерных игр,2022,master,15744,Прикладная информатика,09.04.03,,,in_work,368,2023-10-21 09:01:53.261380
0,7126,15849,Мобильные и облачные технологии,2022,master,15744,Прикладная информатика,09.04.03,,,in_work,467,2023-10-21 09:01:59.621368
0,7127,15850,Информационные системы бизнеса / Business information systems,2022,master,15744,Прикладная информатика,09.04.03,,,in_work,344,2023-10-21 09:02:04.810448
0,7128,15852,Веб-технологии,2022,master,15745,Программная инженерия,09.04.04,,,in_work,452,2023-10-21 09:02:11.353708
0,7129,15853,"Мультимедиа-технологии, дизайн и юзабилити",2022,master,15745,Программная инженерия,09.04.04,,,in_work,451,2023-10-21 09:02:17.197377
0,7130,15854,Нейротехнологии и программная инженерия,2022,master,15745,Программная инженерия,09.04.04,,,in_work,398,2023-10-21 09:02:23.446589
0,7131,15855,Программное обеспечение радиоэлектронных систем,2022,master,15745,Программная инженерия,09.04.04,,,in_work,392,2023-10-21 09:02:29.306638
0,7132,15856,Системное и прикладное программное обеспечение,2022,master,15745,Программная инженерия,09.04.04,,,in_work,512,2023-10-21 09:02:35.770723
0,7133,15858,Технологии интернета вещей,2022,master,15745,Программная инженерия,09.04.04,,,in_work,461,2023-10-21 09:02:42.072646
0,7134,16083,Проектирование и разработка систем искусственного интеллекта,2022,master,15745,Программная инженерия,09.04.04,,,in_work,377,2023-10-21 09:02:47.794893
0,7135,15860,Информационная безопасность / Information security,2022,master,15747,Информационная безопасность,10.04.01,,,in_work,551,2023-10-21 09:02:53.679971
0,7136,16087,Безопасность систем искусственного интеллекта,2022,master,15747,Информационная безопасность,10.04.01,,,in_work,384,2023-10-21 09:02:58.919738
0,7137,15861,Инфокоммуникации и цифровые медиа / Infocommunications and digital media,2022,master,15750,Инфокоммуникационные технологии и системы связи,11.04.02,,,in_work,659,2023-10-21 09:03:06.185555
0,7138,15863,Функциональная безопасность беспилотных транспортных средств,2022,master,15788,Эксплуатация транспортно-технологических машин и комплексов,23.04.03,,,in_work,401,2023-10-21 09:03:11.311564
0,7139,16137,Инженерия цифровых систем,2022,master,15765,Электроэнергетика и электротехника,13.04.02,,,in_work,479,2023-10-21 09:03:19.303210
0,7140,16090,Цифровые технологии в производстве,2022,master,15770,Автоматизация технологических процессов и производств,15.04.04,,,in_work,545,2023-10-21 09:03:25.970405
0,7142,15869,Биоинженерия и биотехнические системы / Bioengineering and biotechnical systems,2022,master,15760,Биотехнические системы и технологии,12.04.04,,,in_work,497,2023-10-21 09:03:30.137047
0,7143,15883,Световодная фотоника и программируемая электроника,2022,master,15774,Техническая физика,16.04.01,,,in_work,473,2023-10-21 09:03:37.825844
0,7144,15871,Электроинженерия,2022,master,15765,Электроэнергетика и электротехника,13.04.02,,,in_work,527,2023-10-21 09:03:44.756336
0,7145,15872,Робототехника и искусственный интеллект / Robotics and artificial intelligence,2022,master,15771,Мехатроника и робототехника,15.04.06,,,in_work,540,2023-10-21 09:03:51.569484
0,7146,15875,Перспективные системы передачи данных / Advanced Data Transfer Systems,2022,master,15761,Лазерная техника и лазерные технологии,12.04.05,,,in_work,542,2023-10-21 09:03:58.798007
0,7147,15877,Информационные технологии в теплофизике,2022,master,15775,"Холодильная, криогенная техника и системы жизнеобеспечения",16.04.03,,,in_work,374,2023-10-21 09:04:04.281577
0,7148,15880,Индустриальная экология / Industrial ecology,2022,master,15786,Техносферная безопасность,20.04.01,,,in_work,596,2023-10-21 09:04:10.734593
0,7149,15876,Биоэкономика и управление ресурсами,2022,master,15779,"Энерго- и ресурсосберегающие процессы в химической технологии, нефтехимии и биотехнологии",18.04.02,,,in_work,434,2023-10-21 09:04:16.191048
0,7150,15873,Химия прикладных материалов / Chemistry of Applied Materials,2022,master,15779,"Энерго- и ресурсосберегающие процессы в химической технологии, нефтехимии и биотехнологии",18.04.02,,,in_work,596,2023-10-21 09:04:21.295261
0,7151,16092,Химия и искусственный интеллект / Chemistry and Artificial Intelligence,2022,master,15779,"Энерго- и ресурсосберегающие процессы в химической технологии, нефтехимии и биотехнологии",18.04.02,,,in_work,547,2023-10-21 09:04:26.278249
0,7152,15870,Молекулярная биология и биотехнология / Molecular Biology and Biotechnology,2022,master,15783,Биотехнология,19.04.01,,,in_work,614,2023-10-21 09:04:31.639122
0,7153,16095,ФудТех / Foodtech,2022,master,15785,Продукты питания животного происхождения,19.04.03,,,in_work,491,2023-10-21 09:04:37.059939
0,7154,16099,Экологическая и техносферная безопасность / Environmental and technosphere safety,2022,master,15794,Стандартизация и метрология,27.04.01,,,in_work,464,2023-10-21 09:04:43.067510
0,7155,16100,Системы управления движением и навигация,2022,master,15791,Системы управления движением и навигация,24.04.02,,,in_work,476,2023-10-21 09:04:50.151310
0,7156,15881,Управление качеством,2022,master,15795,Управление качеством,27.04.02,,,in_work,431,2023-10-21 09:04:55.829035
0,7157,15865,Цифровые системы управления / Digital control systems,2022,master,15797,Управление в технических системах,27.04.04,,,in_work,539,2023-10-21 09:05:02.366938
0,7158,15864,Инновационное предпринимательство / Innovation Entrepreneurship,2022,master,15798,Инноватика,27.04.05,,,in_work,635,2023-10-21 09:05:09.103322
0,7159,15859,Инновационный маркетинг,2022,master,15798,Инноватика,27.04.05,,,in_work,413,2023-10-21 09:05:14.831662
0,7160,15857,Корпоративные финансы и венчурные инвестиции / Corporate Finance & Venture Capital,2022,master,15798,Инноватика,27.04.05,,,in_work,518,2023-10-21 09:05:20.972569
0,7161,15847,Стратегическое управление интеллектуальной собственностью / IP Management Strategy,2022,master,15800,Управление интеллектуальной собственностью,27.04.08,,,in_work,500,2023-10-21 09:05:27.119801
0,7162,15843,"Технонаука, инновации, экономика",2022,master,15803,Экономика,38.04.01,,,in_work,440,2023-10-21 09:05:33.332948
0,7163,15997,Компьютерные технологии: Программирование и искусственный интеллект,2022,bachelor,15734,Прикладная математика и информатика,01.03.02,,,in_work,451,2023-10-21 09:05:40.000784
0,7164,16038,Экотехнологии и устойчивое развитие,2022,bachelor,15811,Экология и природопользование,05.03.06,,,in_work,444,2023-10-21 09:05:47.450801
0,7165,15998,Компьютерные системы и технологии,2022,bachelor,15738,Информатика и вычислительная техника,09.03.01,,,in_work,481,2023-10-21 09:05:52.370723
0,7166,15999,Разработка программного обеспечения / Software Engineering,2022,bachelor,15739,Информационные системы и технологии,09.03.02,,,in_work,420,2023-10-21 09:05:57.041633
0,7167,17118,Беспроводные технологии,2022,bachelor,15773,"Холодильная, криогенная техника и системы жизнеобеспечения",16.03.03,,,in_work,485,2023-10-21 09:06:01.649684
0,7168,16018,Биоинженерия,2022,bachelor,15777,"Энерго- и ресурсосберегающие процессы в химической технологии, нефтехимии и биотехнологии",18.03.02,,,in_work,512,2023-10-21 09:06:07.038816
0,7169,16000,Мобильные и сетевые технологии,2022,bachelor,15740,Прикладная информатика,09.03.03,,,in_work,449,2023-10-21 09:06:11.627706
0,7170,16001,Нейротехнологии и программирование,2022,bachelor,15741,Программная инженерия,09.03.04,,,in_work,483,2023-10-21 09:06:16.718451
0,7171,16002,Системное и прикладное программное обеспечение,2022,bachelor,15741,Программная инженерия,09.03.04,,,in_work,496,2023-10-21 09:06:21.656570
0,7172,16003,Программирование в инфокоммуникационных системах,2022,bachelor,15748,Инфокоммуникационные технологии и системы связи,11.03.02,,,in_work,434,2023-10-21 09:06:27.688398
0,7173,16007,Фотоника и оптоинформатика,2022,bachelor,15754,Фотоника и оптоинформатика,12.03.03,,,in_work,438,2023-10-21 09:06:33.195669
0,7174,16009,Лазерные технологии,2022,bachelor,15756,Лазерная техника и лазерные технологии,12.03.05,,,in_work,506,2023-10-21 09:06:41.802049
0,7175,16008,Физика наноструктур,2022,bachelor,15772,Техническая физика,16.03.01,,,in_work,428,2023-10-21 09:06:47.515659
0,7176,16014,Прикладная и теоретическая физика,2022,bachelor,15772,Техническая физика,16.03.01,,,in_work,526,2023-10-21 09:06:52.228278
0,7177,16016,Инфохимия,2022,bachelor,15776,Химическая технология,18.03.01,,,in_work,395,2023-10-21 09:06:56.520803
0,7178,16019,Биотехнология,2022,bachelor,15780,Биотехнология,19.03.01,,,in_work,509,2023-10-21 09:07:01.507394
0,7179,16022,Робототехника и искусственный интеллект,2022,bachelor,15792,Управление в технических системах,27.03.04,,,in_work,830,2023-10-21 09:07:08.623600
0,7180,16023,Управление технологическими инновациями,2022,bachelor,15793,Инноватика,27.03.05,,,in_work,479,2023-10-21 09:07:13.182967
0,7181,16024,Бизнес-информатика,2022,bachelor,15802,Бизнес-информатика,38.03.05,,,in_work,503,2023-10-21 09:07:18.026332
0,7182,16026,Компьютерные технологии в дизайне,2022,bachelor,15805,Профессиональное обучение,44.03.04,,,in_work,874,2023-10-21 09:07:24.225183
0,7183,16027,Иностранные языки и информационные технологии / Humanities and IT,2022,bachelor,15806,Интеллектуальные системы в гуманитарной сфере,45.03.04,,,in_work,458,2023-10-21 09:07:28.490697
0,7184,16028,Интеллектуальные системы в гуманитарной сфере,2022,bachelor,15806,Интеллектуальные системы в гуманитарной сфере,45.03.04,,,in_work,425,2023-10-21 09:07:32.371990
0,7185,16101,Искусство и наука / Art & Science,2022,master,15798,Инноватика,27.04.05,,,in_work,383,2023-10-21 09:07:37.615416
0,7186,16102,Научная коммуникация,2022,master,15798,Инноватика,27.04.05,,,in_work,350,2023-10-21 09:07:42.755980
0,7187,16103,Науки о здоровье / Public Health Sciences,2022,master,15799,Наукоемкие технологии и экономика инноваций,27.04.07,,,in_work,287,2023-10-21 09:07:45.804332
0,7188,16104,Продуктовый дизайн,2022,master,15798,Инноватика,27.04.05,,,in_work,308,2023-10-21 09:07:48.596907
0,7189,16106,Цифровые методы в гуманитарных исследованиях / Digital Humanities,2022,master,15807,Интеллектуальные системы в гуманитарной среде,45.04.04,,,in_work,482,2023-10-21 09:07:54.928589
0,7190,16107,Прикладная оптика / Applied Optics,2022,master,15758,Оптотехника,12.04.02,,,in_work,551,2023-10-21 09:08:03.030836
0,7191,16109,Квантовые коммуникации в индустрии,2022,master,15759,Фотоника и оптоинформатика,12.04.03,,,in_work,500,2023-10-21 09:08:09.060009
0,7192,16110,Физика и технология наноструктур / Physics and Technology of Nanostructures,2022,master,15759,Фотоника и оптоинформатика,12.04.03,,,in_work,680,2023-10-21 09:08:16.784634
0,7193,16111,Фемтосекундные и квантовые технологии,2022,master,15759,Фотоника и оптоинформатика,12.04.03,,,in_work,687,2023-10-21 09:08:24.470160
0,7194,16112,Лазерные технологии,2022,master,15761,Лазерная техника и лазерные технологии,12.04.05,,,in_work,572,2023-10-21 09:08:31.863420
0,7196,16115,"Современные квантовые и 
нанофотонные системы / Advanced Quantum and 
Nanophotonic Systems",2022,master,15774,Техническая физика,16.04.01,,,in_work,584,2023-10-21 09:08:35.719334
0,7197,16116,Фотоника и спинтроника,2022,master,15774,Техническая физика,16.04.01,,,in_work,512,2023-10-21 09:08:40.040937
0,7198,16117,Лазерные и синхротронные технологии мегасайенс / Megascience laser and synchrotron technologies,2022,master,15774,Техническая физика,16.04.01,,,in_work,317,2023-10-21 09:08:44.141215
0,7199,16119,Энергоэффективные инженерные системы и технологии сжиженного природного газа,2022,master,15775,"Холодильная, криогенная техника и системы жизнеобеспечения",16.04.03,,,in_work,461,2023-10-21 09:08:49.914428
0,7200,16120,Рециклинг и промышленный симбиоз / Recycling & Industrial Symbiosis,2022,master,15769,Технологические машины и оборудование,15.04.02,,,in_work,383,2023-10-21 09:08:55.543205
0,7201,16122,Инфохимия / Infochemistry,2022,master,15778,Химическая технология,18.04.01,,,in_work,296,2023-10-21 09:08:58.842461
0,7202,16217,Индустриальная биотехнология,2022,master,15783,Биотехнология,19.04.01,,,in_work,335,2023-10-21 09:09:03.466183
0,7203,16005,Технологии защиты информации,2022,bachelor,15749,Конструирование и технология электронных средств,11.03.03,,,in_work,500,2023-10-21 09:09:09.680448
0,7141,15868,Стратегии и технологии цифровой трансформации / Digital Transformation Strategies and Technologies,2022,master,15804,Бизнес-информатика,38.04.05,,,in_work,542,2023-10-21 09:09:15.811504
0,7195,16114,Физика радиочастотных технологий,2022,master,15774,Техническая физика,16.04.01,,,on_check,506,2023-10-21 09:09:19.428157
0,7205,17097,Роботизация химических технологий,2022,master,15770,Автоматизация технологических процессов и производств,15.04.04,,,in_work,326,2023-10-21 09:09:23.542812
0,7206,16078,Прикладная геномика / Applied genomics,2022,master,15812,Биология,06.04.01,,,in_work,536,2023-10-21 09:09:30.538098
0,7207,16084,Цифровая урбанистика,2022,master,15810,Градостроительство,07.04.04,,,in_work,680,2023-10-21 09:09:40.010234
0,7208,15862,Функциональная безопасность беспилотных транспортных средств,2022,master,15751,Конструирование и технология электронных средств,11.04.03,,,in_work,401,2023-10-21 09:09:45.242512
0,7209,16088,Инженерия цифровых систем,2022,master,15757,Приборостроение,12.04.01,,,in_work,479,2023-10-21 09:09:53.264532
0,7210,16089,Цифровые технологии в производстве,2022,master,15757,Приборостроение,12.04.01,,,in_work,545,2023-10-21 09:09:59.900204
0,7213,15879,Индустриальная экология / Industrial ecology,2022,master,15779,"Энерго- и ресурсосберегающие процессы в химической технологии, нефтехимии и биотехнологии",18.04.02,,,in_work,596,2023-10-21 09:10:06.032038
0,7214,16093,ФудТех / Foodtech,2022,master,15783,Биотехнология,19.04.01,,,in_work,476,2023-10-21 09:10:11.091502
0,7215,16098,Экологическая и техносферная безопасность / Environmental and technosphere safety,2022,master,15786,Техносферная безопасность,20.04.01,,,in_work,467,2023-10-21 09:10:17.072163
0,7216,16094,ФудТех / Foodtech,2022,master,15784,Продукты питания из растительного сырья,19.04.02,,,in_work,485,2023-10-21 09:10:22.295125
0,7217,16006,Беспроводные технологии,2022,bachelor,15753,Оптотехника,12.03.02,,,in_work,486,2023-10-21 09:10:26.142760
0,7218,16017,Биоинженерия,2022,bachelor,15755,Биотехнические системы и технологии,12.03.04,,,in_work,512,2023-10-21 09:10:31.324624
0,7219,17117,Беспроводные технологии,2022,bachelor,15772,Техническая физика,16.03.01,,,in_work,485,2023-10-21 09:10:35.780441
0,7220,16004,Технологии защиты информации,2022,bachelor,15814,Информационная безопасность,10.03.01,,,in_work,503,2023-10-21 09:10:41.930618
0,7222,15845,Инженерия машинного обучения,2022,master,15742,Информатика и вычислительная техника,09.04.01,,,in_work,422,2023-10-21 09:10:46.831441
0,7223,16013,Робототехника и искусственный интеллект,2022,bachelor,15768,Мехатроника и робототехника,15.03.06,,,in_work,830,2023-10-21 09:10:53.882670
0,7224,16012,Робототехника и искусственный интеллект,2022,bachelor,15767,Автоматизация технологических процессов и производств,15.03.04,,,in_work,827,2023-10-21 09:11:00.764758
0,7225,16021,Робототехника и искусственный интеллект,2022,bachelor,15789,Системы управления движением и навигация,24.03.02,,,in_work,827,2023-10-21 09:11:07.475173
0,7226,16011,Робототехника и искусственный интеллект,2022,bachelor,15752,Приборостроение,12.03.01,,,in_work,827,2023-10-21 09:11:14.457296
0,7227,16010,Робототехника и искусственный интеллект,2022,bachelor,15763,Теплоэнергетика и теплотехника,13.03.01,,,in_work,827,2023-10-21 09:11:21.421376
0,7228,16020,Робототехника и искусственный интеллект,2022,bachelor,15764,Электроэнергетика и электротехника,13.03.02,,,in_work,827,2023-10-21 09:11:28.052772
0,7229,16025,Компьютерные технологии в дизайне,2022,bachelor,15741,Программная инженерия,09.03.04,,,in_work,856,2023-10-21 09:11:34.130094
0,7230,16659,Инженерия машинного обучения,2022,master,15798,Инноватика,27.04.05,,,in_work,443,2023-10-21 09:11:39.316922
0,7231,16658,Инженерия машинного обучения,2022,master,15750,Инфокоммуникационные технологии и системы связи,11.04.02,,,in_work,422,2023-10-21 09:11:44.232537
0,7232,14578,Системы управления движением и навигация / Motion control and navigation,2021,master,15796,Системный анализ и управление,27.04.03,,,in_work,159,2023-10-21 09:11:45.710475
0,7327,18382,Большие данные и машинное обучение / Big data and machine learning,2023,master,15735,Прикладная математика и информатика,01.04.02,факультет цифровых трансформаций,ФЦТ,verified,120,2023-10-21 09:11:51.149112
0,7336,18406,Искусственный интеллект,2023,master,15750,Инфокоммуникационные технологии и системы связи,11.04.02,институт прикладных компьютерных наук,ИПКН,verified,120,2023-10-21 09:12:01.479555
0,7233,17711,Математическое и компьютерное моделирование,2020,master,15735,Прикладная математика и информатика,01.04.02,,,in_work,135,2023-10-21 09:12:04.518740
0,7234,17712,Математическое и компьютерное моделирование,2021,master,15735,Прикладная математика и информатика,01.04.02,,,in_work,153,2023-10-21 09:12:06.057191
0,7235,17713,Математическое и компьютерное моделирование,2021,master,15796,Системный анализ и управление,27.04.03,,,in_work,150,2023-10-21 09:12:07.495025
0,7236,17684,Лазерная фотоника и оптоэлектроника,2019,bachelor,15756,Лазерная техника и лазерные технологии,12.03.05,,,in_work,321,2023-10-21 09:12:12.267744
0,7237,17685,Лазерная фотоника и оптоэлектроника,2019,bachelor,15772,Техническая физика,16.03.01,,,in_work,321,2023-10-21 09:12:16.933702
0,7238,17686,Лазерная фотоника и оптоэлектроника,2020,bachelor,15756,Лазерная техника и лазерные технологии,12.03.05,,,in_work,514,2023-10-21 09:12:24.607365
0,7239,17687,Лазерная фотоника и оптоэлектроника,2020,bachelor,15772,Техническая физика,16.03.01,,,in_work,511,2023-10-21 09:12:32.679066
0,7240,17688,Лазерная фотоника и оптоэлектроника,2021,bachelor,15756,Лазерная техника и лазерные технологии,12.03.05,,,in_work,625,2023-10-21 09:12:41.626123
0,7241,17689,Лазерная фотоника и оптоэлектроника,2021,bachelor,15772,Техническая физика,16.03.01,,,in_work,595,2023-10-21 09:12:48.374027
0,7242,17690,Лазерные технологии,2020,master,15761,Лазерная техника и лазерные технологии,12.04.05,,,in_work,156,2023-10-21 09:12:51.512367
0,7243,17691,Лазерные технологии,2021,master,15761,Лазерная техника и лазерные технологии,12.04.05,,,in_work,174,2023-10-21 09:12:53.061659
0,7244,17660,Низкотемпературная техника и энергетика,2018,bachelor,15773,"Холодильная, криогенная техника и системы жизнеобеспечения",16.03.03,,,in_work,352,2023-10-21 09:12:57.871029
0,7245,17661,Низкотемпературная техника и энергетика,2019,bachelor,15773,"Холодильная, криогенная техника и системы жизнеобеспечения",16.03.03,,,in_work,330,2023-10-21 09:13:02.115792
0,7246,17663,Низкотемпературная техника и энергетика,2020,bachelor,15773,"Холодильная, криогенная техника и системы жизнеобеспечения",16.03.03,,,in_work,448,2023-10-21 09:13:07.913432
0,7247,17664,Технологии транспортирования углеводородных энергоносителей,2018,bachelor,,,,,,in_work,311,2023-10-21 09:13:12.759456
0,7248,17665,Информационные технологии в энергетике,2018,bachelor,15766,Ядерная энергетика и теплофизика,14.03.01,,,in_work,311,2023-10-21 09:13:17.455895
0,7249,17666,Информационные технологии в энергетике,2019,bachelor,15766,Ядерная энергетика и теплофизика,14.03.01,,,in_work,318,2023-10-21 09:13:21.860558
0,7250,17667,Информационные технологии в энергетике,2020,bachelor,15766,Ядерная энергетика и теплофизика,14.03.01,,,in_work,440,2023-10-21 09:13:27.112532
0,7251,17669,Энергоэффективность и возобновляемая энергетика,2021,bachelor,15763,Теплоэнергетика и теплотехника,13.03.01,,,in_work,460,2023-10-21 09:13:32.917923
0,7252,17670,Инжиниринг энергетических систем,2021,bachelor,15773,"Холодильная, криогенная техника и системы жизнеобеспечения",16.03.03,,,in_work,506,2023-10-21 09:13:38.518717
0,7253,17671,Автоматизация технологических процессов и производств пищевой промышленности,2020,master,15770,Автоматизация технологических процессов и производств,15.04.04,,,in_work,135,2023-10-21 09:13:41.822957
0,7254,17672,Техника и технологии сжиженного природного газа,2020,master,15775,"Холодильная, криогенная техника и системы жизнеобеспечения",16.04.03,,,in_work,165,2023-10-21 09:13:45.054261
0,7255,17673,Техника и технологии сжиженного природного газа,2021,master,15775,"Холодильная, криогенная техника и системы жизнеобеспечения",16.04.03,,,in_work,135,2023-10-21 09:13:46.200184
0,7257,17675,Технологии и системы преобразования энергии,2021,master,15770,Автоматизация технологических процессов и производств,15.04.04,,,in_work,181,2023-10-21 09:13:47.628537
0,7258,17676,Технологии и системы преобразования энергии,2021,master,15775,"Холодильная, криогенная техника и системы жизнеобеспечения",16.04.03,,,in_work,192,2023-10-21 09:13:49.265759
0,7259,17677,Информационные технологии в теплофизике,2020,master,15775,"Холодильная, криогенная техника и системы жизнеобеспечения",16.04.03,,,in_work,135,2023-10-21 09:13:52.462569
0,7260,17678,Информационные технологии в теплофизике,2021,master,15775,"Холодильная, криогенная техника и системы жизнеобеспечения",16.04.03,,,in_work,153,2023-10-21 09:13:53.793883
0,7261,17680,Промышленные холодильные системы и тепловые насосы,2020,master,15775,"Холодильная, криогенная техника и системы жизнеобеспечения",16.04.03,,,in_work,135,2023-10-21 09:13:56.810963
0,7262,17681,Проектирование тепломассообменного оборудования и систем жизнеобеспечения,2020,master,15775,"Холодильная, криогенная техника и системы жизнеобеспечения",16.04.03,,,in_work,135,2023-10-21 09:13:59.844156
0,7263,17682,Твердотельные системы охлаждения,2020,master,15775,"Холодильная, криогенная техника и системы жизнеобеспечения",16.04.03,,,in_work,156,2023-10-21 09:14:03.128563
0,7264,17697,Экологический инжиниринг,2018,bachelor,15777,"Энерго- и ресурсосберегающие процессы в химической технологии, нефтехимии и биотехнологии",18.03.02,,,in_work,296,2023-10-21 09:14:07.653944
0,7265,17699,Информационные системы для экологической и техносферной безопасности,2020,master,15786,Техносферная безопасность,20.04.01,,,in_work,135,2023-10-21 09:14:10.878237
0,7266,17703,Стандартизация и метрология в высокотехнологичном секторе экономики,2020,master,15794,Стандартизация и метрология,27.04.01,,,in_work,135,2023-10-21 09:14:14.088327
0,7267,17704,Промышленная экология и чистое производство,2020,master,15779,"Энерго- и ресурсосберегающие процессы в химической технологии, нефтехимии и биотехнологии",18.04.02,,,in_work,211,2023-10-21 09:14:17.755754
0,7268,17708,Техногенная безопасность и метрология,2021,master,15794,Стандартизация и метрология,27.04.01,,,in_work,174,2023-10-21 09:14:19.254717
0,7269,17707,Техногенная безопасность и метрология,2021,master,15786,Техносферная безопасность,20.04.01,,,in_work,174,2023-10-21 09:14:20.703925
0,7270,17709,Индустриальная экология / Industrial ecology,2021,master,15779,"Энерго- и ресурсосберегающие процессы в химической технологии, нефтехимии и биотехнологии",18.04.02,,,in_work,290,2023-10-21 09:14:23.048560
0,7271,17710,Индустриальная экология / Industrial ecology,2021,master,15786,Техносферная безопасность,20.04.01,,,in_work,310,2023-10-21 09:14:25.267383
0,7272,17714,Прикладная оптика / Applied optics,2021,master,15758,Оптотехника,12.04.02,,,in_work,255,2023-10-21 09:14:27.678260
0,7273,17716,Прикладная оптика,2020,master,15758,Оптотехника,12.04.02,,,in_work,225,2023-10-21 09:14:31.645948
0,7274,17718,Прикладная оптика,2019,bachelor,15753,Оптотехника,12.03.02,,,in_work,363,2023-10-21 09:14:36.430467
0,7275,17722,Прикладная оптика,2020,bachelor,15753,Оптотехника,12.03.02,,,in_work,489,2023-10-21 09:14:42.744009
0,7276,17723,Прикладная оптика,2021,bachelor,15753,Оптотехника,12.03.02,,,in_work,524,2023-10-21 09:14:48.624198
0,7277,17724,Световая инженерия,2018,bachelor,15772,Техническая физика,16.03.01,,,in_work,311,2023-10-21 09:14:53.524112
0,7278,17726,Прикладная и компьютерная оптика,2018,bachelor,15753,Оптотехника,12.03.02,,,in_work,311,2023-10-21 09:14:58.625984
0,7279,17727,Оптико-электронные приборы и системы,2020,specialist,15762,Электронные и оптико-электронные приборы и системы специального назначения,12.05.01,,,in_work,410,2023-10-21 09:15:03.669120
0,7281,17729,Оптико-электронные информационно-измерительные приборы и системы,2019,specialist,15762,Электронные и оптико-электронные приборы и системы специального назначения,12.05.01,,,in_work,367,2023-10-21 09:15:08.291171
0,7282,17731,Прикладная оптика,2019,bachelor,15772,Техническая физика,16.03.01,,,in_work,362,2023-10-21 09:15:13.232802
0,7283,17733,Биоинформатика и системная биология / Bioinformatics and systems biology,2021,master,15735,Прикладная математика и информатика,01.04.02,,,in_work,137,2023-10-21 09:15:14.419048
0,7284,17734,Разработка программного обеспечения / Software Engineering,2021,master,15735,Прикладная математика и информатика,01.04.02,,,in_work,128,2023-10-21 09:15:15.950786
0,7285,17797,Подготовительные курсы,2022,specialist,15813,Подготовительные курсы,00.00.00,,,in_work,29,2023-10-21 09:15:16.653598
0,7286,17798,Подготовительные курсы,2022,specialist,15813,Подготовительные курсы,00.00.00,,,in_work,56,2023-10-21 09:15:17.347254
0,7287,17799,Подготовительные курсы,2022,specialist,15813,Подготовительные курсы,00.00.00,,,in_work,123,2023-10-21 09:15:18.069716
0,7328,18429,Математическое и компьютерное моделирование,2023,master,15735,Прикладная математика и информатика,01.04.02,научно-образовательный центр математики,НОЦМ,verified,120,2023-10-21 09:15:25.263875
0,7324,18378,Программирование и искусственный интеллект,2023,master,15735,Прикладная математика и информатика,01.04.02,институт прикладных компьютерных наук,ИПКН,verified,120,2023-10-21 09:15:30.974761
0,7305,18351,Биоинженерия,2023,bachelor,15755,Биотехнические системы и технологии,12.03.04,центр химической инженерии,Центр ХИ,verified,240,2023-10-21 09:15:38.873834
0,7331,18392,Аналитика данных,2023,master,15736,Математическое обеспечение и администрирование информационных систем,02.04.03,высшая школа цифровой культуры,ВШ ЦК,verified,120,2023-10-21 09:15:45.449308
0,7323,18377,Разработка программного обеспечения,2023,master,15735,Прикладная математика и информатика,01.04.02,институт прикладных компьютерных наук,ИПКН,verified,120,2023-10-21 09:15:52.001060
0,7299,18345,Системное и прикладное программное обеспечение,2023,bachelor,15741,Программная инженерия,09.03.04,факультет программной инженерии и компьютерной техники,ФПИ и КТ,verified,240,2023-10-21 09:16:00.455187
0,7302,18348,Программирование в инфокоммуникационных системах,2023,bachelor,15748,Инфокоммуникационные технологии и системы связи,11.03.02,факультет инфокоммуникационных технологий,ФИКТ,verified,240,2023-10-21 09:16:07.384278
0,7330,18390,Искусственный интеллект и поведенческая экономика,2023,master,15745,Программная инженерия,09.04.04,факультет цифровых трансформаций,ФЦТ,verified,120,2023-10-21 09:16:16.532637
0,7325,18379,Глубокое обучение и генеративный искусственный интеллект,2023,master,15735,Прикладная математика и информатика,01.04.02,институт прикладных компьютерных наук,ИПКН,verified,120,2023-10-21 09:16:22.921703
0,7211,15867,Стратегии и технологии цифровой трансформации / Digital Transformation Strategies and Technologies,2022,master,15798,Инноватика,27.04.05,,,in_work,542,2023-10-21 09:16:28.944883
0,7212,16157,Стратегии и технологии цифровой трансформации / Digital Transformation Strategies and Technologies,2022,master,15803,Экономика,38.04.01,,,in_work,542,2023-10-21 09:16:34.943842
0,7256,17674,Водородная энергетика,2021,master,15774,Техническая физика,16.04.01,,,in_work,123,2023-10-21 09:16:36.312381
0,7334,18399,Компьютерные системы и технологии,2023,master,15742,Информатика и вычислительная техника,09.04.01,факультет программной инженерии и компьютерной техники,ФПИ и КТ,verified,120,2023-10-21 09:16:43.018147
0,7333,18395,Цифровая урбанистика / Digital Urban Studies,2023,master,15799,Наукоемкие технологии и экономика инноваций,27.04.07,Институт дизайна и урбанистики,ИДУ,verified,120,2023-10-21 09:16:51.387882
0,7326,18380,Биоинформатика и системная биология / Bioinformatics and systems biology,2023,master,15735,Прикладная математика и информатика,01.04.02,институт прикладных компьютерных наук,ИПКН,verified,120,2023-10-21 09:16:56.308485
0,7332,18393,Цифровая урбанистика / Digital Urban Studies,2023,master,15810,Градостроительство,07.04.04,Институт дизайна и урбанистики,ИДУ,verified,120,2023-10-21 09:17:04.702390
0,7204,16657,Техническое зрение,2022,master,15758,Оптотехника,12.04.02,"научно-образовательная лаборатория ""Техническое зрение""",НОЛ ТЗ,in_work,518,2023-10-21 09:17:10.966883
0,7280,10572,Нанофотоника и квантовая оптика,2018,bachelor,15772,Техническая физика,16.03.01,,,in_work,393,2023-10-21 09:17:16.691123
0,7221,16105,Цифровые методы в гуманитарных исследованиях / Digital Humanities,2022,master,15799,Наукоемкие технологии и экономика инноваций,27.04.07,,,on_check,480,2023-10-21 09:17:23.014283
0,7313,18359,Робототехника и искусственный интеллект,2023,bachelor,15792,Управление в технических системах,27.03.04,факультет систем управления и робототехники,ФСУ и Р,verified,240,2023-10-21 09:17:41.622315
0,7293,18338,Теоретическая и экспериментальная физика,2023,bachelor,15772,Техническая физика,16.03.01,физический факультет,ФизФ,verified,240,2023-10-21 09:17:48.858981
0,7338,18413,Программирование и интернет-технологии,2023,master,15809,Информационные системы и технологии,09.04.02,факультет информационных технологий и программирования,ФИТиП,verified,120,2023-10-21 09:17:56.036519
0,7344,18424,"Мультимедиа-технологии, дизайн и юзабилити",2023,master,15745,Программная инженерия,09.04.04,факультет программной инженерии и компьютерной техники,ФПИ и КТ,verified,120,2023-10-21 09:18:03.437229
0,7350,18454,Проектирование и разработка систем больших данных,2023,master,15745,Программная инженерия,09.04.04,факультет программной инженерии и компьютерной техники,ФПИ и КТ,verified,120,2023-10-21 09:18:09.944696
0,7405,18388,Цифровые методы в гуманитарных исследованиях,2023,master,15798,Инноватика,27.04.05,институт международного развития и партнерства,Институт МР и П,verified,120,2023-10-21 09:18:18.015358
0,7400,18398,Научная коммуникация,2023,master,15798,Инноватика,27.04.05,институт международного развития и партнерства,Институт МР и П,verified,120,2023-10-21 09:18:25.843640
0,7343,18421,Мобильные и облачные технологии,2023,master,15744,Прикладная информатика,09.04.03,факультет инфокоммуникационных технологий,ФИКТ,verified,120,2023-10-21 09:18:34.379039
0,7404,18391,Продуктовый дизайн,2023,master,15798,Инноватика,27.04.05,институт международного развития и партнерства,Институт МР и П,verified,120,2023-10-21 09:18:39.109016
0,7359,18519,Цифровые технологии в производстве,2023,master,15770,Автоматизация технологических процессов и производств,15.04.04,факультет систем управления и робототехники,ФСУ и Р,verified,120,2023-10-21 09:18:47.685585
0,7401,18397,Искусство и наука / Art & Science,2023,master,15798,Инноватика,27.04.05,институт международного развития и партнерства,Институт МР и П,verified,126,2023-10-21 09:18:52.039704
0,7370,18442,Роботизация химических технологий,2023,master,15770,Автоматизация технологических процессов и производств,15.04.04,научно-образовательный центр инфохимии,НОЦ инфохимии,verified,120,2023-10-21 09:18:57.843375
0,7394,18402,Молекулярная биология и биотехнология / Molecular Biology and Biotechnology,2023,master,15783,Биотехнология,19.04.01,химико-биологический кластер,ХБК,verified,120,2023-10-21 09:19:03.405710
0,7361,18451,Техническое зрение,2023,master,15758,Оптотехника,12.04.02,"научно-образовательная лаборатория ""Техническое зрение""",НОЛ ТЗ,verified,120,2023-10-21 09:19:12.213379
0,7355,18444,Функциональная безопасность беспилотных транспортных средств,2023,master,15751,Конструирование и технология электронных средств,11.04.03,факультет безопасности информационных технологий,ФБИТ,verified,120,2023-10-21 09:19:18.731806
0,7354,18458,Программирование и инфокоммуникации,2023,master,15750,Инфокоммуникационные технологии и системы связи,11.04.02,факультет инфокоммуникационных технологий,ФИКТ,verified,120,2023-10-21 09:19:29.288464
0,7403,18394,Корпоративные финансы и венчурные инвестиции,2023,master,15798,Инноватика,27.04.05,факультет технологического менеджмента и инноваций,ФТМИ,in_work,0,2023-10-21 09:19:29.859134
0,7364,18456,Хемоинформатика и биоинженерия / Chemoinformatics and bioengineering,2023,master,15760,Биотехнические системы и технологии,12.04.04,центр химической инженерии,Центр ХИ,verified,120,2023-10-21 09:19:36.991346
0,7385,18414,Индустриальная экология / Industrial ecology,2023,master,15779,"Энерго- и ресурсосберегающие процессы в химической технологии, нефтехимии и биотехнологии",18.04.02,факультет экотехнологий,ФЭТ,verified,102,2023-10-21 09:19:46.028780
0,7388,18411,Химия и искусственный интеллект / Chemistry and Artificial Intelligence,2023,master,15779,"Энерго- и ресурсосберегающие процессы в химической технологии, нефтехимии и биотехнологии",18.04.02,химико-биологический кластер,ХБК,verified,120,2023-10-21 09:19:51.488914
0,7411,18381,Цифровые продукты: создание и управление,2023,master,15819,Менеджмент,38.04.02,факультет технологического менеджмента и инноваций,ФТМИ,verified,120,2023-10-21 09:19:55.636184
0,7485,18417,Искусственный интеллект в промышленности,2023,master,15809,Информационные системы и технологии,09.04.02,факультет цифровых трансформаций,ФЦТ,verified,120,2023-10-21 09:20:03.354155
0,7396,18526,Прикладная геномика,2023,master,15812,Биология,06.04.01,химико-биологический кластер,ХБК,verified,120,2023-10-21 09:20:11.726633
0,7487,18387,Искусственный интеллект и поведенческая экономика,2023,master,15735,Прикладная математика и информатика,01.04.02,факультет цифровых трансформаций,ФЦТ,verified,120,2023-10-21 09:20:21.530855
0,7339,18415,Речевые технологии и машинное обучение,2023,master,15809,Информационные системы и технологии,09.04.02,факультет информационных технологий и программирования,ФИТиП,verified,120,2023-10-21 09:20:27.404823
0,7348,18428,Системное и прикладное программное обеспечение,2023,master,15745,Программная инженерия,09.04.04,факультет программной инженерии и компьютерной техники,ФПИ и КТ,verified,120,2023-10-21 09:20:35.316614
0,7389,18410,Химия для энергетических технологий / Sustainable Chemistry For Energy Technologies,2023,master,15779,"Энерго- и ресурсосберегающие процессы в химической технологии, нефтехимии и биотехнологии",18.04.02,химико-биологический кластер,ХБК,verified,120,2023-10-21 09:20:40.988578
0,7360,18449,Прикладная оптика / Applied Optics,2023,master,15758,Оптотехника,12.04.02,"институт  ""Высшая инженерно-техническая школа""",Институт ВИТШ,verified,120,2023-10-21 09:20:50.044825
0,7372,18440,Системный анализ и управление,2023,master,15796,Системный анализ и управление,27.04.03,факультет систем управления и робототехники,ФСУ и Р,verified,120,2023-10-21 09:20:59.532211
0,7392,18408,ФудТех / Foodtech,2023,master,15785,Продукты питания животного происхождения,19.04.03,факультет биотехнологий,ФБТ,verified,120,2023-10-21 09:21:07.573094
0,7297,18343,Мобильные и сетевые технологии,2023,bachelor,15740,Прикладная информатика,09.03.03,факультет инфокоммуникационных технологий,ФИКТ,verified,241,2023-10-21 09:21:16.025350
0,7381,18431,Энергоэффективные инженерные системы и технологии СПГ,2023,master,15775,"Холодильная, криогенная техника и системы жизнеобеспечения",16.04.03,"институт  ""Высшая инженерно-техническая школа""",Институт ВИТШ,verified,120,2023-10-21 09:21:22.697645
0,7365,18452,Лазерные технологии,2023,master,15761,Лазерная техника и лазерные технологии,12.04.05,институт лазерных технологий,ИЛТ,verified,120,2023-10-21 09:21:32.106340
0,7337,18409,Искусственный интеллект,2023,master,15798,Инноватика,27.04.05,институт прикладных компьютерных наук,ИПКН,verified,120,2023-10-21 09:21:42.424561
0,7375,18435,Световодная фотоника и программируемая электроника,2023,master,15774,Техническая физика,16.04.01,"институт  ""Высшая инженерно-техническая школа""",Институт ВИТШ,verified,120,2023-10-21 09:21:51.091707
0,7347,18427,Программное обеспечение радиоэлектронных систем,2023,master,15745,Программная инженерия,09.04.04,факультет программной инженерии и компьютерной техники,ФПИ и КТ,verified,120,2023-10-21 09:21:57.336158
0,7356,18445,Функциональная безопасность беспилотных транспортных средств,2023,master,15788,Эксплуатация транспортно-технологических машин и комплексов,23.04.03,факультет безопасности информационных технологий,ФБИТ,verified,120,2023-10-21 09:22:03.948417
0,7341,18418,Информационные системы бизнеса,2023,master,15744,Прикладная информатика,09.04.03,факультет информационных технологий и программирования,ФИТиП,verified,120,2023-10-21 09:22:09.167478
0,7398,18400,Математические технологии системного анализа,2023,master,15796,Системный анализ и управление,27.04.03,научно-образовательный центр математики,НОЦМ,verified,120,2023-10-21 09:22:16.359565
0,7382,18423,Технологии декарбонизации в топливно-энергетическом комплексе,2023,master,15775,"Холодильная, криогенная техника и системы жизнеобеспечения",16.04.03,"институт  ""Высшая инженерно-техническая школа""",Институт ВИТШ,verified,120,2023-10-21 09:22:22.389667
0,7346,18426,Нейротехнологии и программная инженерия,2023,master,15745,Программная инженерия,09.04.04,факультет программной инженерии и компьютерной техники,ФПИ и КТ,verified,120,2023-10-21 09:22:29.138822
0,7380,18432,Информационные технологии в теплофизике,2023,master,15775,"Холодильная, криогенная техника и системы жизнеобеспечения",16.04.03,"образовательный центр ""Энергоэффективные инженерные системы""",ОЦ ЭИС,verified,120,2023-10-21 09:22:35.324782
0,7357,18447,Инженерия цифровых систем,2023,master,15757,Приборостроение,12.04.01,"институт  ""Высшая инженерно-техническая школа""",Институт ВИТШ,verified,120,2023-10-21 09:22:44.302746
0,7484,18443,Программирование и инфокоммуникации,2023,master,15750,Инфокоммуникационные технологии и системы связи,11.04.02,факультет инфокоммуникационных технологий,ФИКТ,in_work,0,2023-10-21 09:22:45.017127
0,7407,18386,Науки о здоровье / Public Health Sciences,2023,master,15799,Наукоемкие технологии и экономика инноваций,27.04.07,институт международного развития и партнерства,Институт МР и П,verified,120,2023-10-21 09:22:49.385971
0,7369,18448,Экологическая инженерия и экодизайн,2023,master,15786,Техносферная безопасность,20.04.01,факультет экотехнологий,ФЭТ,verified,120,2023-10-21 09:22:56.364330
0,7386,18416,Индустриальная экология / Industrial ecology,2023,master,15786,Техносферная безопасность,20.04.01,факультет экотехнологий,ФЭТ,verified,102,2023-10-21 09:23:05.248139
0,7349,18430,Проектирование и разработка систем искусственного интеллекта,2023,master,15745,Программная инженерия,09.04.04,факультет программной инженерии и компьютерной техники,ФПИ и КТ,verified,120,2023-10-21 09:23:11.821495
0,7377,18433,Физика радиочастотных технологий,2023,master,15774,Техническая физика,16.04.01,физико-технический мегафакультет,ФТ МФ,verified,120,2023-10-21 09:23:17.797465
0,7379,18521,Фотоника и спинтроника,2023,master,15774,Техническая физика,16.04.01,физический факультет,ФизФ,verified,120,2023-10-21 09:23:23.873130
0,7351,18455,Программирование для незрячих и слабовидящих,2023,master,15745,Программная инженерия,09.04.04,факультет программной инженерии и компьютерной техники,ФПИ и КТ,verified,120,2023-10-21 09:23:28.190494
0,7353,18441,Безопасность систем искусственного интеллекта,2023,master,15747,Информационная безопасность,10.04.01,факультет безопасности информационных технологий,ФБИТ,verified,120,2023-10-21 09:23:34.701216
0,7366,18523,Перспективные системы передачи данных,2023,master,15761,Лазерная техника и лазерные технологии,12.04.05,институт перспективных систем передачи данных,ИПСПД,verified,120,2023-10-21 09:23:41.507077
0,7378,18524,Лазерные и синхротронные технологии мегасайенс,2023,master,15774,Техническая физика,16.04.01,институт перспективных систем передачи данных,ИПСПД,verified,120,2023-10-21 09:23:47.819161
0,7402,18396,Инновационный маркетинг,2023,master,15798,Инноватика,27.04.05,факультет технологического менеджмента и инноваций,ФТМИ,in_work,42,2023-10-21 09:23:48.763908
0,7391,18407,ФудТех / Foodtech,2023,master,15784,Продукты питания из растительного сырья,19.04.02,факультет биотехнологий,ФБТ,verified,120,2023-10-21 09:23:55.590751
0,7352,18439,Информационная безопасность / Information security,2023,master,15747,Информационная безопасность,10.04.01,факультет безопасности информационных технологий,ФБИТ,verified,120,2023-10-21 09:24:04.392066
0,7374,18436,Инженерия приводных систем,2023,master,15771,Мехатроника и робототехника,15.04.06,факультет систем управления и робототехники,ФСУ и Р,verified,120,2023-10-21 09:24:12.989049
0,7409,18383,Технологии и стратегии бизнес-трансформации,2023,master,15803,Экономика,38.04.01,факультет технологического менеджмента и инноваций,ФТМИ,verified,120,2023-10-21 09:24:20.815804
0,7362,18457,Прикладная фотоника,2023,master,15759,Фотоника и оптоинформатика,12.04.03,физико-технический мегафакультет,ФТ МФ,verified,120,2023-10-21 09:24:29.545000
0,7301,18347,Технологии защиты информации,2023,bachelor,15749,Конструирование и технология электронных средств,11.03.03,факультет безопасности информационных технологий,ФБИТ,verified,240,2023-10-21 09:24:36.925193
0,7358,18518,Цифровые технологии в производстве,2023,master,15757,Приборостроение,12.04.01,факультет систем управления и робототехники,ФСУ и Р,verified,120,2023-10-21 09:24:45.383249
0,7495,18520,Физика и технология наноструктур / Physics and technology of nanostructures,2023,master,15759,Фотоника и оптоинформатика,12.04.03,факультет фотоники,Ф фотоники,verified,120,2023-10-21 09:24:55.134900
0,7335,18404,Искусственный интеллект,2023,master,15742,Информатика и вычислительная техника,09.04.01,институт прикладных компьютерных наук,ИПКН,verified,120,2023-10-21 09:25:05.709207
0,7496,25337,Технологии и стратегии бизнес-трансформации,2023,master,15798,Инноватика,27.04.05,факультет технологического менеджмента и инноваций,ФТМИ,verified,120,2023-10-21 09:25:13.579851
0,7316,18362,Биотехнология,2023,bachelor,15780,Биотехнология,19.03.01,факультет биотехнологий,ФБТ,verified,236,2023-10-21 09:25:19.471223
0,7318,18365,Бизнес-информатика,2023,bachelor,15802,Бизнес-информатика,38.03.05,факультет технологического менеджмента и инноваций,ФТМИ,verified,240,2023-10-21 09:25:27.696010
0,7322,18363,Интеллектуальные системы в гуманитарной сфере,2023,bachelor,15806,Интеллектуальные системы в гуманитарной сфере,45.03.04,факультет инфокоммуникационных технологий,ФИКТ,verified,240,2023-10-21 09:25:35.793557
0,7390,18405,ФудТех / Foodtech,2023,master,15783,Биотехнология,19.04.01,факультет биотехнологий,ФБТ,verified,156,2023-10-21 09:25:43.360416
0,7371,18438,Системный анализ и управление,2023,master,15771,Мехатроника и робототехника,15.04.06,факультет систем управления и робототехники,ФСУ и Р,verified,120,2023-10-21 09:25:52.735389
0,7367,18450,Электроинженерия,2023,master,15765,Электроэнергетика и электротехника,13.04.02,факультет систем управления и робототехники,ФСУ и Р,verified,120,2023-10-21 09:26:01.210613
0,7304,18350,Физика наноструктур,2023,bachelor,15754,Фотоника и оптоинформатика,12.03.03,факультет фотоники,Ф фотоники,verified,240,2023-10-21 09:26:10.478037
0,7494,22797,Инфокоммуникационные оптические технологии,2023,master,15774,Техническая физика,16.04.01,"институт  ""Высшая инженерно-техническая школа""",Институт ВИТШ,verified,120,2023-10-21 09:26:18.608998
0,7303,18349,Фотоника и оптоинформатика,2023,bachelor,15754,Фотоника и оптоинформатика,12.03.03,факультет фотоники,Ф фотоники,verified,240,2023-10-21 09:26:26.814542
0,7373,18437,Робототехника и искусственный интеллект / Robotics and artificial intelligence,2023,master,15771,Мехатроника и робототехника,15.04.06,факультет систем управления и робототехники,ФСУ и Р,verified,120,2023-10-21 09:26:36.098447
0,7307,18353,Лазерные технологии,2023,bachelor,15756,Лазерная техника и лазерные технологии,12.03.05,институт лазерных технологий,ИЛТ,verified,240,2023-10-21 09:26:46.460613
0,7410,18384,Технологии и стратегии бизнес-трансформации,2023,master,15804,Бизнес-информатика,38.04.05,факультет технологического менеджмента и инноваций,ФТМИ,verified,120,2023-10-21 09:26:54.167331
0,7491,25137,Программное обеспечение высоконагруженных систем,2023,master,15735,Прикладная математика и информатика,01.04.02,институт прикладных компьютерных наук,ИПКН,verified,120,2023-10-21 09:26:59.414522
0,7311,18357,Робототехника и искусственный интеллект,2023,bachelor,15768,Мехатроника и робототехника,15.03.06,факультет систем управления и робототехники,ФСУ и Р,verified,240,2023-10-21 09:27:18.182026
0,7291,18339,Компьютерные технологии: Программирование и искусственный интеллект,2023,bachelor,15734,Прикладная математика и информатика,01.03.02,факультет информационных технологий и программирования,ФИТиП,verified,237,2023-10-21 09:27:25.684099
0,7308,18354,Робототехника и искусственный интеллект,2023,bachelor,15752,Приборостроение,12.03.01,факультет систем управления и робототехники,ФСУ и Р,verified,240,2023-10-21 09:27:44.100590
0,7314,18360,Беспроводные технологии,2023,bachelor,15772,Техническая физика,16.03.01,физический факультет,ФизФ,verified,240,2023-10-21 09:27:51.254985
0,7345,18425,Веб-технологии,2023,master,15745,Программная инженерия,09.04.04,факультет программной инженерии и компьютерной техники,ФПИ и КТ,verified,120,2023-10-21 09:27:58.941637
0,7376,18434,Современные квантовые и нанофотонные системы / Advanced Quantum and Nanophotonic Systems,2023,master,15774,Техническая физика,16.04.01,физико-технический мегафакультет,ФТ МФ,verified,120,2023-10-21 09:28:05.517564
0,7306,18352,Биоинженерия,2023,bachelor,15777,"Энерго- и ресурсосберегающие процессы в химической технологии, нефтехимии и биотехнологии",18.03.02,центр химической инженерии,Центр ХИ,verified,240,2023-10-21 09:28:13.669305
0,7292,18337,Теоретическая и экспериментальная физика,2023,bachelor,15816,Физика,03.03.02,физический факультет,ФизФ,verified,240,2023-10-21 09:28:20.856261
0,7320,18368,Компьютерные технологии в дизайне,2023,bachelor,15817,Профессиональное обучение (по отраслям),44.03.04,факультет программной инженерии и компьютерной техники,ФПИ и КТ,verified,240,2023-10-21 09:28:26.053608
0,7298,18344,Нейротехнологии и программирование,2023,bachelor,15741,Программная инженерия,09.03.04,факультет программной инженерии и компьютерной техники,ФПИ и КТ,verified,240,2023-10-21 09:28:34.873353
0,7321,18366,Иностранные языки и информационные технологии,2023,bachelor,15806,Интеллектуальные системы в гуманитарной сфере,45.03.04,институт международного развития и партнерства,Институт МР и П,verified,241,2023-10-21 09:28:39.891808
0,7383,18422,Инфохимия / Infochemistry,2023,master,15778,Химическая технология,18.04.01,научно-образовательный центр инфохимии,НОЦ инфохимии,verified,120,2023-10-21 09:28:43.860362
0,7295,18341,Компьютерные системы и технологии,2023,bachelor,15738,Информатика и вычислительная техника,09.03.01,факультет программной инженерии и компьютерной техники,ФПИ и КТ,verified,240,2023-10-21 09:28:52.022243
0,7315,18361,Инфохимия,2023,bachelor,15776,Химическая технология,18.03.01,научно-образовательный центр инфохимии,НОЦ инфохимии,verified,237,2023-10-21 09:28:58.786396
0,7296,18342,Разработка программного обеспечения,2023,bachelor,15739,Информационные системы и технологии,09.03.02,факультет информационных технологий и программирования,ФИТиП,verified,240,2023-10-21 09:29:06.548416
0,7342,18419,Технологии разработки компьютерных игр,2023,master,15744,Прикладная информатика,09.04.03,факультет цифровых трансформаций,ФЦТ,verified,120,2023-10-21 09:29:13.131333
0,7387,18412,Биоэкономика и управление ресурсами,2023,master,15779,"Энерго- и ресурсосберегающие процессы в химической технологии, нефтехимии и биотехнологии",18.04.02,центр химической инженерии,Центр ХИ,verified,120,2023-10-21 09:29:20.462797
0,7319,18367,Компьютерные технологии в дизайне,2023,bachelor,15741,Программная инженерия,09.03.04,факультет программной инженерии и компьютерной техники,ФПИ и КТ,verified,240,2023-10-21 09:29:28.654779
0,7384,18420,Химический Софт / Chemistry Soft,2023,master,15778,Химическая технология,18.04.01,научно-образовательный центр инфохимии,НОЦ инфохимии,verified,120,2023-10-21 09:29:32.641485
0,7408,18385,Стратегическое управление интеллектуальной собственностью,2023,master,15800,Управление интеллектуальной собственностью,27.04.08,факультет технологического менеджмента и инноваций,ФТМИ,verified,120,2023-10-21 09:29:40.288721
0,7492,22799,Управление высокотехнологичным бизнесом,2023,master,15798,Инноватика,27.04.05,факультет технологического менеджмента и инноваций,ФТМИ,verified,120,2023-10-21 09:29:48.234037
0,7300,18346,Технологии защиты информации,2023,bachelor,15814,Информационная безопасность,10.03.01,факультет безопасности информационных технологий,ФБИТ,verified,240,2023-10-21 09:29:55.391576
0,7493,22798,Технологии разработки компьютерных игр,2023,bachelor,15748,Инфокоммуникационные технологии и системы связи,11.03.02,школа разработки видеоигр,ШРВ,verified,240,2023-10-21 09:30:03.299008
0,7406,18389,Цифровые методы в гуманитарных исследованиях,2023,master,15865,Интеллектуальные системы в гуманитарной сфере,45.04.04,институт международного развития и партнерства,Институт МР и П,verified,120,2023-10-21 09:30:11.236300
0,7395,18525,Прикладная геномика,2023,master,15783,Биотехнология,19.04.01,химико-биологический кластер,ХБК,verified,120,2023-10-21 09:30:19.107941
0,7399,18522,Цифровые системы управления / Digital control systems,2023,master,15797,Управление в технических системах,27.04.04,факультет систем управления и робототехники,ФСУ и Р,verified,120,2023-10-21 09:30:26.607517
0,7368,18446,Экологическая инженерия и экодизайн,2023,master,15769,Технологические машины и оборудование,15.04.02,факультет экотехнологий,ФЭТ,verified,120,2023-10-21 09:30:33.314824
0,7397,18401,Системы управления движением и навигация,2023,master,15791,Системы управления движением и навигация,24.04.02,факультет систем управления и робототехники,ФСУ и Р,verified,120,2023-10-21 09:30:41.580960
0,7393,18403,Индустриальная биотехнология,2023,master,15783,Биотехнология,19.04.01,факультет биотехнологий,ФБТ,verified,120,2023-10-21 09:30:48.531947
0,7312,18358,Робототехника и искусственный интеллект,2023,bachelor,15789,Системы управления движением и навигация,24.03.02,факультет систем управления и робототехники,ФСУ и Р,verified,240,2023-10-21 09:31:06.473268
0,7317,18364,Технологии и инновации,2023,bachelor,15793,Инноватика,27.03.05,факультет технологического менеджмента и инноваций,ФТМИ,verified,240,2023-10-21 09:31:16.427347
0,7497,27937,Искусственный интеллект и ИТ-стартапы,2023,master,15742,Информатика и вычислительная техника,09.04.01,,,in_work,0,2023-10-21 09:31:17.059677
0,7499,28077,Распределенные веб-сервисы / Web scale systems,2023,master,15750,Инфокоммуникационные технологии и системы связи,11.04.02,институт прикладных компьютерных наук,ИПКН,verified,120,2023-10-21 09:31:21.730265
0,7500,28097,Прикладная разработка информационных систем,2023,bachelor,15740,Прикладная информатика,09.03.03,факультет инфокоммуникационных технологий,ФИКТ,verified,156,2023-10-21 09:31:25.818625
0,7498,28078,Инструменты разработки и анализа программ,2023,master,15745,Программная инженерия,09.04.04,институт прикладных компьютерных наук,ИПКН,verified,120,2023-10-21 09:31:30.852180
0,7501,28257,Разработчик программного обеспечения,2023,master,15770,Автоматизация технологических процессов и производств,15.04.04,передовая инженерная школа,ПИШ,verified,120,2023-10-21 09:31:36.443672
0,7502,28389,Проектирование и разработка систем искусственного интеллекта,2023,master,15809,Информационные системы и технологии,09.04.02,,,on_check,120,2023-10-21 09:31:42.597607
0,7310,18356,Робототехника и искусственный интеллект,2023,bachelor,15767,Автоматизация технологических процессов и производств,15.03.04,факультет систем управления и робототехники,ФСУ и Р,verified,240,2023-10-21 09:32:00.636618
0,7309,18355,Робототехника и искусственный интеллект,2023,bachelor,15764,Электроэнергетика и электротехника,13.03.02,факультет систем управления и робототехники,ФСУ и Р,verified,240,2023-10-21 09:32:18.732543
0,7294,18340,Экотехнологии и устойчивое развитие,2023,bachelor,15811,Экология и природопользование,05.03.06,факультет экотехнологий,ФЭТ,verified,237,2023-10-21 09:32:26.842425
